User.ID,ISBN,Book.Rating
276725,034545104X,0
276733,2080674722,0
276747,1570231028,0
276828,2253044903,0
276847,360893541X,10
276847,3608935428,10
276848,3453071174,0
276861,360893541X,9
276861,3608935428,9
276875,8804407808,6
276925,840149236X,5
276925,8420427462,0
276925,8495501090,0
276929,2226070109,0
277187,038528859X,0
277203,030700645X,8
277427,089879661X,5
277427,1564403963,9
277427,1568380593,10
277427,1570620768,0
277478,006008216X,6
277478,1893183025,0
277478,3822855588,0
277478,8493127817,9
277562,1858286018,9
277639,082172598X,0
277639,1567403387,0
277681,2253044903,0
277711,1573227889,10
277946,080505801X,7
277954,3822800740,10
278137,1892086034,0
278144,068484477X,0
278156,006107635X,5
278188,037327291X,5
278188,1551668300,0
278194,1585421073,0
278216,006093090X,0
278245,3423205903,9
278346,051513287X,6
278418,003021436X,0
278418,006020883X,0
278418,030700645X,0
278418,030730115X,0
278418,037303203X,0
278418,037310572X,0
278418,037322575X,0
278418,037324052X,0
278418,037326223X,0
278418,037329008X,0
278418,042505733X,0
278418,043908654X,0
278418,044019539X,0
278418,044132231X,0
278418,055329170X,0
278418,055357230X,0
278418,059045403X,0
278418,059093483X,0
278418,067172262X,0
278418,067181866X,0
278418,068746384X,0
278418,078712138X,0
278418,081673836X,0
278418,088784149X,0
278418,1551665026,0
278418,1551666243,0
278418,1555472729,0
278418,155661585X,0
278418,1569751544,3
278418,1570423008,5
278418,1570829675,0
278418,1571020209,0
278418,1572972416,0
278418,1576101916,0
278418,157610236X,0
278418,1576738825,0
278418,1883672236,0
278449,1568846010,7
278474,1860469922,0
278563,380520406X,10
278633,1885840055,4
278843,1558508287,0
8,1558746218,0
102,8472238822,7
254,051513287X,0
254,051788139X,0
254,1563890356,0
254,1563892251,0
254,1567310877,8
254,1861870019,0
383,1880185008,5
388,1579651658,8
472,080521061X,9
567,1567920047,0
625,2070384349,10
643,2253001457,8
711,185424597X,0
741,044132231X,8
741,1551668785,0
805,038001503X,10
853,034545829X,9
899,3257061269,9
1083,044023767X,10
1129,1400062888,3
1137,8481301132,7
1166,225313922X,9
1167,038039586X,0
1211,156476303X,0
1211,1579730272,0
1219,082176828X,6
1424,009179319X,0
1424,039914255X,7
1725,844507119X,10
1733,037324522X,0
1733,037328800X,0
1733,051513287X,9
1733,1551664690,0
1848,1882180887,7
1848,1929194196,10
1903,1573922110,10
1966,1570422826,7
2030,076071150X,0
2030,1577310454,10
2033,030768993X,0
2033,1556432151,10
2036,1573229326,9
2074,8432206407,0
2084,8484509125,6
2110,034528710X,10
2110,059046597X,0
2179,051513287X,0
2179,1565926994,8
2179,1566393523,8
2276,042504842X,0
2276,044018178X,0
2276,047121888X,0
2276,1551668467,0
2313,034545104X,5
2329,074346771X,4
2358,034524575X,0
2416,8477204055,7
2544,037550334X,0
2685,8880891901,0
2766,038039586X,9
2766,1561794708,0
2766,1562470752,0
2798,055357230X,0
2891,1400076218,0
2891,1583225498,0
2891,1593080719,0
2906,2080707590,0
2906,2266083309,0
2943,034543059X,0
3101,8439703651,5
3145,096558383X,0
3145,1573229326,5
3186,068484477X,0
3346,031286258X,8
3346,044100704X,0
3363,006446735X,0
3363,013029604X,0
3363,051513287X,0
3363,067161276X,0
3363,068806518X,0
3363,1558746218,0
3363,1567312500,0
3363,1576737098,0
3363,1883523362,0
3538,8437600685,0
3538,8437603471,9
3538,8477357862,0
3556,1841952974,8
3675,8432206407,0
3675,8495501090,6
3757,8408015125,0
3757,8477204055,8
3757,8479532076,6
3757,8483140012,0
3757,8486344166,5
3798,042515601X,0
3840,051513287X,9
3923,1891053426,4
4017,006093090X,10
4017,068484477X,5
4017,1559704640,10
4017,1573221511,0
4049,1860466095,0
4157,1851681469,8
4225,1573229326,5
4286,1928556396,10
4334,8817660396,7
160886,1556618662,10
160939,031228327X,0
161037,078601007X,0
161037,1551665050,0
161041,2070360644,9
161200,043921064X,0
161299,038081918X,0
161299,051513287X,0
161299,1551668432,0
161326,1558493158,6
161361,1551563452,0
161476,037307784X,0
161662,1573229326,0
161681,1560444851,8
161749,1556618662,8
161801,006093090X,0
161903,051513287X,9
161936,055325846X,0
161936,068484477X,9
161974,1558535438,0
162052,067103409X,0
162052,1582900337,10
162052,185367446X,0
162052,1853674923,4
162311,068480154X,0
162311,189205101X,0
162404,8408047310,5
162419,051513287X,8
162424,1551668254,8
162451,042515601X,0
162564,034538900X,0
162564,052594639X,0
162564,1573229326,0
162590,1562470752,0
162625,042505179X,0
162625,1591050901,6
162626,068484477X,0
162639,031215108X,0
162639,034543630X,0
162639,037325055X,0
162639,037326142X,0
162639,038071504X,8
162639,038079635X,0
162639,038081918X,0
162639,042511872X,0
162639,055357874X,0
162639,055358264X,0
162639,082542495X,0
162639,1551664356,0
162639,1551666952,0
162639,1551668300,0
162639,1556618662,0
162639,1557482357,9
162639,1558745432,7
162639,1573229326,0
162639,1573229334,0
162639,1576732851,0
162639,1586605879,0
162639,1881545091,8
162639,1891150510,0
162738,050552533X,0
162738,082172987X,0
162738,1558532331,0
162775,082630706X,0
162780,068484477X,8
162937,1573927953,4
163072,055325913X,9
163181,8432215058,0
163202,034545104X,0
163286,360893541X,10
163286,3608935428,10
163307,1583141936,0
163488,094105148X,0
163488,1878067729,0
163512,038081918X,5
163545,1580080006,0
163759,1551668432,5
163761,037382310X,7
163776,051513287X,0
163804,038081918X,0
163875,1557732191,0
163970,061823649X,8
163973,044921625X,6
163973,055357230X,9
164027,052594639X,0
164096,039309040X,0
164096,089434126X,7
164096,849550152X,0
164307,360893541X,8
164323,1573229326,7
164323,1885167237,8
164378,8434411091,5
164378,8434808595,7
164413,8423318702,7
164418,155661618X,9
164465,014036174X,0
164465,043907035X,0
164465,043910677X,0
164465,1575841886,0
164465,1579730183,0
164465,1579730272,6
164465,1588454975,10
164533,070637438X,0
164533,091372078X,0
164533,156455354X,0
164533,1580170900,5
164533,1583487948,0
164533,1885941366,0
164533,3895088986,0
164533,8420481025,0
164533,8472237966,0
164533,8477204055,0
164533,847720859X,0
164675,038548254X,9
164675,055310134X,7
164675,1558537848,0
164675,158542109X,0
164675,1586481398,0
164706,1577658000,10
164828,082177512X,9
164828,1551660768,7
164870,4770023936,6
164905,037311396X,8
164944,2070364755,0
164944,2253044903,0
164944,2266035762,0
164944,2290314765,0
164956,1853262102,0
164966,044023767X,9
165058,074321269X,9
165082,1562790749,3
165138,039304632X,9
165183,068483751X,8
165232,006108445X,7
165232,037319630X,8
165232,037322625X,0
165232,050552094X,0
165232,1551668092,0
165308,051513287X,10
165308,068484477X,0
165308,1568650108,0
165308,1572971290,0
165308,1573225282,0
165308,1895836638,0
165319,006095955X,0
165319,1573229334,0
165319,1593071639,8
165319,1895900026,10
165345,1557131902,0
165408,3462028189,6
165444,1857038444,8
165462,8408039970,0
165625,8477204055,9
165669,067972575X,9
165703,155970358X,9
165759,055357230X,0
165806,000654679X,4
165840,044050354X,8
165863,042505165X,0
165976,155583115X,0
165987,055357230X,0
166123,044155279X,0
166123,055344087X,0
166123,055357230X,0
166123,1551665700,0
166123,1558176659,0
166123,1560765577,0
166123,1570426058,0
166123,1586210564,0
166254,8434411091,7
166291,006093090X,8
166327,089213268X,0
166363,2901076343,0
166432,8466307621,9
166458,3473540137,7
166534,207071523X,9
166596,006440210X,0
166596,038076296X,0
166596,039914255X,0
166596,055358264X,0
166596,068480459X,0
166596,068484477X,0
166596,1401039081,0
166596,1551665026,0
166596,1560445386,0
166596,156331830X,0
166596,1568652895,0
166596,1573241377,0
166639,006019250X,0
166684,068484477X,0
166824,157866005X,0
166874,1573229326,0
166878,8401491509,5
166922,155166951X,0
167305,1573229326,4
167327,155166951X,8
167349,037309955X,0
167349,042514898X,0
167438,225313922X,0
167455,1572150475,10
167471,067972236X,0
167471,068484477X,0
167471,069620682X,0
167471,1400047714,0
167471,1551665042,0
167471,1552094898,0
167471,1573890049,10
167471,1852309903,8
167471,1859673821,10
167471,2831577071,0
167471,3822896349,8
167524,1863683232,0
167790,080541875X,0
167800,037321801X,0
167800,037325055X,0
167800,037389872X,0
167800,037389886X,0
167800,038079635X,0
167800,044020724X,0
167800,051513287X,0
167800,067163951X,0
167800,076270909X,10
167800,1551664518,7
167925,1576739279,0
168036,042515601X,0
168036,051513287X,0
168047,1567312500,10
168064,055312160X,0
168064,1853262935,0
168064,1931543380,0
168082,055213922X,0
168144,068484477X,0
168144,080694756X,6
168144,1570980926,0
168245,031037281X,0
168245,038547444X,9
168245,067174383X,8
168245,070637438X,6
168245,1551050722,8
168245,1551050749,9
168387,1551662922,0
168387,1551668432,0
168387,1862044724,0
168387,187918172x,0
168438,080198775X,5
168438,1577940407,0
168553,1573221643,7
168642,1400062888,6
168642,1573229326,0
168816,034545104X,0
168840,037312323X,7
169111,1887178570,0
169181,1410766691,8
169249,055325121X,9
169300,1891929550,9
169326,034536676X,0
169502,2070401871,0
169503,1741140781,0
169663,014023313x,4
169663,069811681X,10
169663,1400040442,0
169663,1573229326,0
169663,679721886,0
169699,1551667436,7
169716,031220972X,0
169735,055321392X,9
169779,044018066X,0
169779,044020609X,0
169870,1573229326,0
169911,8423309177,5
169957,3462028189,9
170092,1576739279,9
170122,007134778X,8
170154,006052510X,0
170181,3485004537,9
170227,1853260274,0
170229,031210491X,0
170229,038064519X,0
170229,038550635X,0
170229,044056428X,0
170229,052524445X,0
170229,091317503X,0
170229,155583115X,0
170229,1559360615,0
170229,1565846923,0
170229,1885865171,0
170229,3791323458,0
170255,014200443X,5
170273,3453071174,7
170314,8440637128,0
170314,8477204055,6
170317,069107089X,9
170341,1551668114,0
170368,8471664577,0
170415,038045419X,0
170415,055357230X,0
170415,1565041755,0
170499,1880418568,10
170512,042515601X,0
170513,006091307X,0
170513,039548930X,10
170513,068980279X,0
170513,1586605844,0
170515,1578563763,0
170518,042510477X,0
170518,044155279X,0
170518,051513287X,0
170518,082175064X,0
170518,1551661640,0
170518,1551668254,0
170567,034539092X,0
170575,051513287X,0
170575,055358264X,0
170575,1551661756,0
170575,1551665050,0
170575,155166951X,0
170634,030709930X,10
170634,039914255X,10
170634,093347816X,0
170634,096690480X,10
170634,1580625568,0
170724,1551660768,9
170724,1551668432,7
170742,037322575X,0
170742,1551666243,0
170791,091516650X,7
170810,069620682X,0
170837,1556615345,0
170861,068484477X,0
170861,1400040442,4
171050,1551665514,0
171076,1564028437,0
171082,1551668300,9
171118,006052510X,6
171118,006104363X,7
171118,015694877X,9
171118,020162236X,0
171118,030737002X,8
171118,038081322X,0
171118,075510059X,0
171118,087923573X,8
171118,089009683X,0
171118,1551923122,9
171118,1552635392,0
171118,1558285490,8
171118,1568360517,8
171118,1577490185,0
171118,1577658000,0
171118,1579121632,0
171118,1582381607,6
171118,1582700109,0
171118,185326914X,7
171118,1879904098,5
171130,051513287X,1
171165,014025644X,0
171165,055324924X,0
171179,3442728010,7
171235,3462028189,4
171251,067181785X,0
171269,9992803029,0
171359,345384466,10
171359,515134368,9
171359,671736043,0
171441,1559722754,0
171555,1558501096,0
171594,1580050433,9
171602,071346478X,9
171703,090384317X,5
171818,1552090329,0
171818,1573229326,0
171846,1853260495,0
171904,8401328306,0
171904,840149950X,0
171904,8495501090,0
171912,034545104X,5
171940,1558745432,10
171944,081258435X,7
171968,1562790803,0
171970,1567920845,0
171970,1573222135,0
171972,055358264X,8
171986,189939835X,0
172030,037381058X,0
172030,038533530X,0
172030,042516571X,0
172030,044809083X,0
172030,051513287X,0
172030,082172987X,0
172030,084394692X,0
172030,155166819X,0
172030,155773660X,0
172030,1558175555,0
172030,1569313784,8
172033,055325121X,7
172061,006250939X,0
172061,038076296X,0
172119,1573229326,0
172215,068484477X,8
172326,067170222X,0
172374,1573229326,0
172462,067944646X,7
172512,082174027X,0
172512,1551668254,0
172512,1551669188,0
172512,1557738718,0
172512,1584855215,0
172613,3548254152,0
172634,8495501007,0
172742,031213200X,0
172742,034530358X,0
172742,038081563X,0
172742,038501502X,0
172742,038503458X,0
172742,042511872X,0
172742,055357230X,0
172742,087842055X,10
172742,088290051X,0
172742,1551668300,0
172742,1551669420,0
172742,1570251401,0
172742,1573229326,0
172742,1577484312,0
172742,1577944704,0
172742,9997511263,0
172760,1578560446,0
172822,068484477X,6
172888,2203312173,7
172888,2901076343,9
172941,006008216X,0
172962,042516571X,6
173018,1869411196,0
173122,1558172246,0
173291,044022442X,0
173291,068986437X,0
173291,082175114X,0
173291,1401039081,0
173291,1563891875,0
173291,1569717508,10
173300,067103541X,0
173300,3829028911,0
173300,3931321746,0
173304,068484477X,0
173415,044805454X,10
173415,1573226270,7
173481,037326142X,0
173481,068484477X,0
173486,1573245232,9
173486,1579730272,0
173517,1573245232,9
173632,1565920414,0
173632,3499155192,0
173657,3423205903,0
173679,3442727197,0
173684,156173411X,5
173684,1577940407,0
173684,189205101X,6
173701,8472237745,9
173743,034545104X,0
173765,3462028189,0
173769,043907035X,0
173778,006095955X,6
173835,015114978X,0
173835,081616228X,10
173835,088240069X,0
173835,155166819X,0
173881,078688147X,0
173881,1570711550,0
173881,844507119X,0
174062,055309999X,10
174062,1562470752,8
174092,037570437X,0
174092,1879431017,8
174092,189939835X,0
174125,1551666952,0
174151,093871659X,7
174174,3442452031,0
174195,034536676X,0
174216,044023767X,6
174216,068484477X,0
174216,068981125X,10
174304,019283536X,0
174304,055357535X,0
174304,059046597X,0
174304,067172262X,0
174304,088739339X,0
174304,1558746218,0
174304,1559360615,0
174304,1563410591,0
174304,1564403963,0
174304,1573227889,0
174304,1885356080,0
174334,1860464955,0
174375,014118213X,0
174375,1565122720,0
174375,1578514878,4
174376,3548254152,10
174388,037326142X,0
174625,067972575X,9
174685,1567312500,0
174791,043907035X,0
174791,043940228X,0
174791,059018749X,0
174791,086592211X,0
174827,1583143971,0
174834,034545104X,0
174892,031227663X,8
174892,1551665735,9
174914,014028124X,8
174914,061328125X,0
174914,075284413X,0
175003,006108445X,0
175003,051513287X,0
175003,055329170X,0
175003,055358264X,0
175003,078601489X,0
175003,1551660423,0
175003,1551664364,0
175003,1551665042,0
175003,1551665840,0
175003,1551666863,0
175003,1551666952,0
175003,1551668300,0
175003,155166836X,0
175003,1551668432,0
175003,1551669102,0
175003,1569314276,0
175003,1880092190,0
175008,1588515168,0
175062,1932270124,0
175205,051513287X,0
175283,038001503X,0
175284,1551668300,0
175287,1566197511,10
175329,076071018X,0
175329,1555422128,0
175329,1573229326,0
175367,2070367231,9
175367,2246376319,10
175399,1878867644,0
175399,1903047579,0
175493,346203202X,0
175501,1858600235,0
175529,051513287X,8
175536,074324480X,0
175577,1853262102,9
175636,055357230X,0
175639,052594401X,7
175647,068484477X,0
175873,044155279X,0
175873,044155282X,0
175886,037316369X,0
175886,373055668,0
176062,043910677X,0
176062,059052318X,0
176225,8483105802,6
176280,043921999X,0
176348,1880418568,0
176348,1931561044,9
176459,2253044903,0
176481,1580630421,0
176486,1853260274,0
176667,044020609X,0
176667,051513287X,0
176667,082176344X,7
176777,8437607000,8
176833,059086632X,1
176853,1400033543,8
176879,1575669072,0
176884,068484477X,8
176903,068484477X,0
176905,006091307X,0
176918,068484477X,0
176918,1565070658,0
176960,3462028189,4
177072,031233074X,0
177072,037309955X,0
177072,037311706X,0
177072,042516053X,0
177072,068480154X,0
177072,074324480X,6
177072,081121155X,0
177072,157866005X,0
177072,1579540465,0
177073,1570642028,0
177073,1579730183,0
177090,1558746218,0
177091,055309999X,8
177128,1869660307,0
177157,051513287X,0
177186,055329170X,0
177195,068480154X,9
177211,044022442X,9
177228,3453164210,5
177233,031228327X,7
177277,006052510X,0
177349,037351008X,8
177373,1880418568,0
177374,051513287X,0
177374,067174383X,0
177432,055325846X,7
177432,1584230703,6
177458,014029984X,9
177458,015204941X,7
177458,015650300X,0
177458,042518756X,7
177458,048628347X,0
177458,089296801X,0
177458,1550224220,0
177458,1550225030,6
177458,1551110636,8
177458,1551925605,8
177458,1560761075,0
177458,1560763760,7
177458,1567181724,3
177458,1567188079,7
177458,1567189504,8
177458,1570429219,0
177458,1573222038,0
177458,1575668904,0
177458,1579122612,0
177458,158621604X,0
177458,1853261033,0
177458,1853261165,0
177458,1853262455,0
177458,1853263338,7
177458,1855385074,8
177458,1857983378,0
177458,186205102X,0
177458,1885865171,0
177458,1896332072,8
177458,1903402794,0
177458,1931543380,0
177520,8401328985,0
177569,055358264X,0
177570,006440787X,0
177660,2253044903,10
177690,055329170X,0
177690,078601489X,6
177690,1551668327,6
177690,1558705600,0
177690,1559704160,0
177690,1575666154,0
177690,1853270466,0
177861,671028375,9
177879,038513181X,10
178003,8470390244,8
178003,8477204055,8
178028,1573229326,5
178032,060960161X,7
178032,1577311523,5
178058,055358264X,5
178107,3462028189,6
178130,1561792535,0
178181,1555509916,0
178181,1559123400,0
178181,1570829675,7
178181,1880089157,0
178181,1885904088,0
178199,067172083X,9
178240,1558178848,0
178269,1573241962,5
178310,1573229326,8
178522,156331830X,8
178610,074341795X,0
178667,051513287X,0
178667,067146843X,0
178746,1412006414,0
178797,1573229326,0
178797,2266093681,7
178877,1400040442,7
178920,044020982X,0
178950,089296538X,0
178950,089879661X,0
179058,042510429X,8
179075,048628347X,0
179075,1561704210,0
179075,1570422826,9
179165,1882606191,8
179216,8423951596,8
179216,8432206407,9
179260,1556523874,0
179423,1570429227,7
179423,1572702516,10
179501,1563831392,10
179546,1573221880,8
179641,207040370X,0
179712,055329170X,0
179730,006250746X,1
179730,1584855215,7
179733,006444015X,0
179733,084395325X,0
179733,1551667436,0
179733,1578631351,0
179744,006250746X,6
179744,038001503X,0
179744,042511872X,0
179772,1558748865,10
179791,1903471745,10
179826,9768108126,8
179915,8440673590,0
179939,8432206407,7
179939,8449415381,9
179939,8495501090,9
179978,059022297X,10
179978,068981125X,0
179978,081672363X,9
179978,1566845807,9
179978,1575849399,10
179978,1579730876,8
180032,055329475X,0
180032,067143800X,0
180042,038071504X,0
180210,8420634093,7
180348,1551666952,0
180348,155166819X,7
180416,038001503X,10
180436,8466302247,7
180518,1576737098,8
180522,055329184X,0
180586,052594401X,0
180586,1556614322,0
180586,1561440892,0
180586,1561711470,0
180586,1562010352,7
180591,1563054922,8
180651,034071879X,0
180651,034081800x,0
180651,034536676X,0
180651,059303452X,9
180651,1400061652,0
180651,1559706856,0
180651,1841156574,0
180651,189939835X,8
180651,1902852079,0
180801,1903650275,0
180826,3442553121,7
180845,2226070109,10
180917,1557361169,0
180925,1573229326,0
180942,1570089949,0
180957,1568380550,3
181076,081296392X,8
181077,1552790118,0
181120,006018373X,5
181120,1573921394,5
181176,006107635X,0
181176,034545829X,0
181176,037570177X,0
181176,078684003X,0
181176,084394966X,0
181176,093158003X,0
181176,1400031192,0
181176,1565925971,0
181176,1569873917,7
181176,1570620768,0
181176,1571452435,9
181176,1577311337,0
181176,1851680969,0
181176,1853263710,0
181176,1877727377,0
181212,038076296X,8
181254,038000237X,0
181580,1842550942,0
181598,1860192769,0
181687,068484477X,0
181687,1883523362,0
181870,1561792586,5
181913,8401474744,0
181948,014219624X,0
181948,156138626X,7
181948,1567181112,0
181995,1551668300,9
181997,1854877097,0
182053,052524123X,0
182053,1401039081,0
182053,1558506535,8
182053,1853261165,0
182066,8484509125,7
182085,037311723X,9
182085,037324553X,9
182085,038081918X,0
182085,044020609X,5
182085,050552094X,5
182085,068484477X,0
182085,1551664178,0
182085,1551666731,0
182085,1551666952,10
182085,155166819X,0
182085,1551668432,0
182085,1562920618,0
182086,037329171X,10
182101,1568840764,9
182242,068484477X,9
182345,3453172027,5
182345,3453210697,10
182367,8495501090,4
182393,1568656874,5
182429,8472237966,7
182429,8477204055,6
182442,034536676X,9
182442,044991190X,0
182442,055357230X,0
182442,067172262X,10
182442,068480154X,0
182459,1558745432,10
182527,1573221546,7
182539,8433924893,6
182667,1566867185,7
182746,037328800X,0
182837,1878448927,0
182847,1556618662,10
182969,068484477X,10
182987,1561450758,0
182987,158348809X,0
182987,1843910802,0
182987,1850892288,0
182987,1884365205,0
182987,1892295024,0
182987,2253056871,0
182987,3492207405,0
182987,3822812153,0
182987,8401014603,0
182987,8408000195,0
182987,8408039970,0
182987,8420442313,0
182987,8420484105,0
182987,8420639664,0
182987,8432069175,0
182987,8433910302,0
182987,8478807438,0
182987,8479012528,0
182987,8483280132,0
182987,9501509745,0
182987,B000051X7T,0
182993,031228327X,6
182993,042518188X,0
182993,078601489X,0
182993,1400050898,0
182993,155166951X,0
183015,037570521X,9
183033,1573229326,0
183088,1558321071,0
183088,1559722754,0
183088,1576106020,0
183101,1589199707,8
183142,037344091X,9
183176,037326223X,6
183187,029916540X,0
183187,1401050573,0
183187,1551668750,0
183196,067102499X,0
183196,074341182X,10
183196,1572971290,0
183257,1853260495,0
183272,1880418568,10
183276,068480137X,7
183284,1573221643,5
183287,2277219517,0
183340,042508437X,0
183532,067972334X,0
183532,1556615280,0
183757,1562829254,10
183758,1885211759,9
183883,1573227889,0
183958,1874166188,9
183963,074725043X,0
183980,068480459X,0
183995,055358264X,5
183995,080411675X,0
184228,8423309177,6
184279,019283407X,0
184279,1576831159,6
184299,006092327X,0
184299,051758705X,0
184299,055325488X,0
184299,074321675X,0
184299,081257995X,0
184299,087156596X,0
184299,088038204X,0
184299,1551666863,0
184299,1565920414,0
184299,1579546390,0
184299,187955707X,0
184305,1572231319,10
184306,1573221376,8
184386,840149950X,7
184386,8420613487,8
184401,1888363797,9
184424,051513287X,0
184465,1555602983,7
184506,1591299829,10
184629,068484477X,9
184632,1878574353,10
184789,1864500891,7
184878,1400033543,5
184923,1403374953,8
184976,068484477X,0
184985,8466309497,8
185119,8420634093,9
185119,8423309177,8
185233,037311723X,0
185233,042511872X,0
185233,044018455X,0
185233,051513287X,0
185233,059022879X,0
185233,059045403X,5
185233,059046986X,0
185233,086622467X,0
185233,155166951X,0
185233,1558284605,0
185233,1561737119,0
185233,1562470752,0
185233,1566192536,0
185233,1576739899,0
185233,185538292X,0
185254,051513287X,10
185275,157270036X,0
185277,1551664518,0
185287,1853260436,0
185359,3404144783,4
185384,059018749X,0
185384,059022879X,0
185384,1400300088,0
185384,1556619766,9
185384,1558532331,0
185384,1572930233,0
185384,1577487214,0
185384,1582460426,0
185384,193000902X,0
185416,186205102X,0
185441,8401479541,7
185514,1564771970,10
185514,1573241962,0
185634,155166836X,0
185653,051513287X,0
185691,044041167X,10
185722,026379850X,0
185731,042515601X,0
185771,1931081743,0
185921,1573229326,6
186039,1551665050,0
186039,1551668254,0
186103,014044016X,0
186238,055358264X,8
186238,1551664577,0
186570,155870227X,9
186623,1853261165,0
186646,055327791X,7
186657,043400796X,0
186699,067151914X,0
186736,9681500954,0
186762,1559360615,7
186887,006091307X,5
186908,3442725348,0
187065,068484477X,4
187103,1853260274,6
187110,1590710169,8
187145,006019538X,0
187145,006054242X,0
187145,031285661X,0
187145,039304632X,0
187145,067172083X,0
187145,068484477X,8
187145,068486522X,0
187145,1400040981,0
187145,1400062772,0
187145,1573221430,0
187145,1573221643,0
187145,1573222135,0
187145,1582790701,0
187145,1586480359,0
187145,1880418568,0
187170,1551661756,0
187232,068484477X,0
187239,084393672X,0
187333,2877060551,5
187517,037541178X,6
187517,051513287X,0
187517,055358264X,0
187517,1410709973,0
187517,1551666952,0
187517,1557732647,0
187517,1578614902,5
187520,1850153086,0
187523,1895688590,0
187565,8495501090,0
187575,029916540X,0
187598,2013217854,8
187598,2226086366,10
187598,225313922X,9
187613,1556612885,5
187665,1578701376,10
187757,1577311523,7
187763,087516367X,10
187805,225313922X,10
187819,184065094X,7
187840,849550152X,7
188010,051513287X,0
188010,067172083X,0
188010,1850153086,9
188027,068485368X,9
188077,3882438002,0
188091,3453210697,5
188163,3453210697,7
188171,1885478372,0
188273,055358264X,8
188513,034545104X,4
188526,006055584X,7
188529,1852423382,10
188537,067102910X,0
188583,1875137793,7
188658,207071523X,0
188690,1569471622,0
188755,1858287871,0
188772,1565120353,0
188788,068484477X,0
188796,1577310063,10
188796,8485982665,0
188796,9768163089,0
188797,8420481025,10
188852,1582340331,8
188951,006092327X,7
188951,044132231X,0
188951,067163951X,0
188951,1557732647,0
188951,1565070402,0
188951,1568650108,10
189044,1551665700,0
189104,051513287X,10
189166,1841765244,0
189334,006095275X,0
189334,042505733X,0
189334,042512780X,8
189334,043941184X,10
189334,048628347X,0
189334,055358264X,0
189334,067083095X,0
189334,067944646X,0
189334,088730513X,0
189334,1402201400,10
189334,1550225030,0
189334,1551521369,0
189334,1555834612,0
189334,1558538445,10
189334,1559360615,0
189334,1563410672,0
189334,1567996353,10
189334,1575668904,0
189334,157866005X,10
189334,1582340110,0
189334,1582341052,0
189334,1896332072,0
189334,1896951554,0
189334,1931543380,0
189392,069107089X,0
189392,1852427256,3
189465,2868532055,4
189516,042511872X,6
189516,051513287X,10
189516,055357230X,0
189570,061328125X,7
189655,044155282X,8
189655,075640049X,0
189665,034542140X,0
189835,037575640X,5
189835,037575928X,5
189835,051508252X,5
189835,067960085X,5
189835,067964248X,5
189835,1557382972,0
189835,1558672095,5
189835,1559211687,5
189835,156639466X,5
189835,1567230644,5
189835,1580812309,5
189835,1586634518,5
189835,1850573549,5
189835,1850578834,5
189835,1853262102,8
189835,3895082597,5
189835,8401474663,5
189848,075281737X,8
189855,055357535X,9
189855,068484477X,7
189973,1561560413,5
189973,1564772098,5
189973,1564772101,8
189973,156477290X,6
189973,1568650329,0
189973,1884822118,7
190006,8423309177,0
190054,1565122992,7
190056,1558748288,0
190160,156138626X,8
190265,1840373059,10
190289,068484477X,0
190347,1565920414,0
190459,055312160X,0
190459,189609595X,0
190467,067972575X,0
190479,068484477X,0
190688,1555973787,0
190708,030762028X,0
190708,067172262X,0
190708,068982680X,0
190741,1551668467,0
190753,8401491509,9
190789,1559341386,5
190807,037327291X,0
190807,1551661756,0
190807,1551666952,8
190807,1551668300,0
190844,055309999X,5
190844,1551668467,0
190857,1551668467,8
190871,1856072401,9
190885,1566190266,9
190925,034543773x,0
190925,037326142X,0
190925,038081918X,0
190925,051513287X,0
190925,055309677X,0
190925,055357874X,8
190925,059524470X,0
190925,078601489X,0
190925,089083735X,0
190925,1400031192,0
190925,1551664518,0
190925,1551665131,0
190925,1551665514,0
190925,155166562X,0
190925,1551666952,0
190925,155166819X,0
190925,1551668300,0
190925,1551668785,0
190925,1551669188,0
190925,1557091633,0
190925,1563151847,0
190955,006091307X,4
191042,9682310202,9
191173,006093090X,10
191187,059046986X,0
191188,067172262X,0
191326,8420638390,8
191427,042515601X,7
191428,1557730202,10
191452,3596220831,8
191472,3462028189,2
191523,082176828X,5
191548,006052510X,8
191575,1565071735,0
191575,1565072944,9
191575,1578563682,0
191610,051513287X,0
191635,3462028189,5
191638,1576732851,0
191671,1551667436,0
191671,1573229326,8
191720,3257061269,8
191740,1560542578,0
191775,051513287X,8
191803,038081918X,5
191865,006104444X,0
191865,1566562767,8
191913,1929529031,0
191915,006092327X,0
192054,8433967533,7
192093,006251475X,0
192093,1853261424,0
192101,2080674722,7
192101,2226070109,0
192101,2266025791,0
192115,3423308486,5
192119,038070384X,0
192176,068971680X,0
192176,074321675X,0
192176,081257995X,0
192211,051513287X,5
192230,1578563682,10
192257,1887178414,10
192277,1551668432,8
192446,080411269X,8
192453,068810553X,6
192472,1591160596,5
192517,1558746633,0
192684,2253044903,0
192733,068484477X,9
192845,1565123638,0
192873,2221097629,9
193070,068484477X,8
193248,1559502266,10
193302,1557732647,0
193368,155936078X,7
193385,1741140781,0
193458,031220082X,8
193458,185326007X,7
193458,1853262501,0
193458,1853269387,7
193495,1573229326,8
193499,006091307X,3
193503,2070360644,0
193533,074321675X,10
193549,1587218224,6
193560,1853263656,9
193898,055357230X,0
193938,006091307X,0
194027,042515601X,0
194129,1571741062,0
194202,037570437X,0
194250,039914255X,5
194278,1555043011,0
194458,1885394179,10
194500,1863682333,0
194506,038071504X,0
194506,449223345,0
194519,2226070109,8
194519,2253006319,10
194534,155868106X,0
194556,1575668394,7
194577,051513287X,8
194597,051513287X,0
194600,068484477X,9
194600,1551668114,6
194669,1551669188,0
194669,1576570568,0
194676,1551660768,5
194676,1551662922,7
194676,1551667436,5
194699,055357485X,0
194699,1561711470,5
194864,8445072978,0
194864,8466309497,0
194945,3462028189,4
194957,3442150841,0
195006,9722110217,6
195033,068484477X,0
195079,044155279X,5
195170,188691026X,8
195250,006019538X,9
195374,034545104X,0
195374,037541178X,0
195374,1556159005,0
195374,1572318937,0
195430,8472238822,0
195435,1879045001,10
195455,1861051352,7
195469,068484477X,0
195539,057116272X,7
195572,1891305220,0
195694,034536676X,0
195694,034538072X,0
195694,038076296X,0
195694,044022442X,0
195694,082175114X,0
195694,084395082X,0
195694,1573227889,8
195694,1575667266,0
195694,1586210629,0
195714,8432206407,9
195714,847720859X,0
195716,1559703415,0
195716,2715214405,0
195904,087923556X,9
195904,2040160167,1
196013,3453071174,9
196018,088344707X,0
196047,038532006X,0
196077,034530358X,0
196077,034536676X,0
196077,037302942X,0
196077,038081918X,0
196077,044842407X,0
196077,068484477X,0
196077,1551664364,0
196077,1551667436,0
196077,155166951X,0
196077,1559700742,0
196077,1570426058,0
196077,1573227889,8
196077,158322064X,0
196085,1551669420,5
196108,1565920007,0
196108,1565921488,0
196129,067181785X,0
196146,186205102X,0
196148,1560973218,9
196148,2203001038,8
196148,220300116X,8
196160,002860573X,0
196160,1591820065,0
196160,1591824095,0
196189,8408041797,8
196192,1899836691,0
196204,1573229326,0
196227,1565120353,10
196228,1400046238,0
196228,1570620768,0
196261,034536676X,8
196396,1578700892,0
196457,074341182X,0
196466,038071504X,0
196502,034538900X,0
196502,086571312X,0
196502,093425267X,0
196502,1402706014,0
196502,1880323869,0
196621,039914255X,0
196621,1559704160,6
196656,2070360733,8
196672,055358264X,0
196676,3442451140,0
196709,006019409X,3
196728,1570621691,10
196738,042515601X,0
196858,061809542X,10
196885,051513287X,8
196967,096558383X,0
196985,038039586X,0
197097,1853262935,7
197144,1573229326,4
197364,034536676X,10
197364,055329170X,7
197364,1853264350,8
197410,074324480X,9
197410,1573229326,5
197434,8495501031,6
197473,1591131421,10
197659,1562825259,8
197659,1575662272,7
197659,1576732762,10
197659,1576738825,10
197659,189205101X,7
197685,2253044903,9
197775,1853260363,0
197775,1880418568,0
197859,038072703X,5
197939,034536676X,9
197961,1561794708,0
198012,006092327X,9
198046,051513287X,0
198234,8445072331,7
198243,8440637128,7
198290,1850156867,0
198412,1573221643,10
198412,1854797263,0
198506,034539092X,0
198515,1853262102,0
198621,038070384X,0
198621,068810553X,0
198625,039914255X,0
198625,068484477X,0
198681,1573229326,6
198699,034543630X,0
198699,039912649X,0
198699,067973001X,0
198699,068484477X,0
198711,006445195X,0
198711,031037281X,0
198711,034528223X,0
198711,034528710X,0
198711,034539092X,0
198711,037580272X,0
198711,038080039X,0
198711,043921064X,0
198711,043957742X,0
198711,044041167X,0
198711,044841645X,0
198711,051513287X,0
198711,055315270X,0
198711,055315950X,0
198711,055325846X,0
198711,055325913X,0
198711,055326446X,0
198711,055357230X,0
198711,059010263X,0
198711,059029542X,0
198711,059040220X,0
198711,059046597X,0
198711,059046986X,0
198711,071661748X,0
198711,071673091X,0
198711,078470256X,0
198711,078711118X,0
198711,081672363X,0
198711,083177388X,0
198711,088166247X,0
198711,1551662922,0
198711,1551665042,0
198711,1551665840,0
198711,1551668300,0
198711,1555135153,0
198711,1557232520,0
198711,1557738270,0
198711,1561442909,0
198711,1562470752,0
198711,156476303X,0
198711,1565120094,0
198711,1568381328,0
198711,1570640025,0
198711,157064117X,0
198711,1570642028,0
198711,1570825661,0
198711,1572971290,0
198711,1575666553,0
198711,1579730175,0
198711,1579730876,0
198711,1854712578,0
198711,1878624423,0
198726,006019538X,0
198842,3423205903,9
198930,006019135X,0
198930,1591160596,10
198930,1591821576,0
198930,1591823455,9
199025,042510429X,0
199025,078389354X,0
199025,1400150558,0
199092,006008216X,0
199092,067170608X,0
199092,9045001276,0
199095,1567313744,8
199130,3442727197,7
199141,006093090X,5
199178,1573229326,7
199180,225313922X,9
199209,1880418568,0
199353,042515601X,5
199357,055326981X,8
199378,067173606X,0
199378,088899267X,0
199416,037550074X,0
199416,1400040442,0
199416,1551665735,0
199416,1841952974,8
199431,037362526X,0
199431,081183297X,0
199431,1569712999,0
199431,1569714428,6
199565,067973001X,0
199764,030680476X,7
199772,1573440299,0
199772,1859845010,0
199775,8495501104,8
199857,006091307X,0
199857,031242177X,0
199857,067003021X,9
199898,3453172027,0
199898,9722110217,10
200000,034536676X,0
200009,034536676X,9
200065,8420613487,10
200067,843760057X,0
200226,031219997X,0
200226,044018066X,5
200226,051513287X,6
200226,055358264X,0
200226,068484477X,8
200226,078601489X,0
200226,1551668300,0
200226,1573221376,0
200226,1573222038,9
200226,1573245682,7
200226,1853261424,9
200226,1931543380,0
200418,006093090X,0
200422,034543630X,7
200537,1576734560,10
200562,1562614509,0
200585,014017186X,0
200633,8437600685,10
200643,067172262X,7
200643,1551667436,0
200643,1573229326,0
200667,068484477X,0
200674,034539092X,0
200674,037344138X,0
200674,037350179X,0
200674,037370853X,0
200674,043921064X,0
200674,059010263X,0
200674,067174674x,0
200674,069004481X,0
200674,1551665026,0
200674,1551667436,0
200674,1551668432,0
200674,1551669102,0
200674,1557091633,0
200674,1558538445,0
200674,1558742956,8
200674,1559700742,0
200674,1565121627,0
200674,1572970367,0
200674,1577593448,0
200772,038533530X,5
200814,042515601X,0
201017,068484477X,0
201017,068982047X,0
201042,055301434X,0
201141,186205102X,0
201170,2080674722,4
201217,1557780382,0
201266,031226240X,9
201290,1572701048,0
201290,158240139X,0
201303,1580080219,0
201526,034536676X,0
201526,091514445X,0
201548,310005220X,0
201557,074341182X,8
201641,051513287X,0
201641,1572971150,0
201674,051513287X,9
201674,1551666952,0
201697,1573229334,8
201731,055358264X,9
201760,038039586X,10
201768,1551665042,0
201768,1551665514,0
201776,034539092X,10
201783,069620682X,9
201783,080198775X,0
201881,1860464955,5
201898,067166218X,0
201969,042505733X,0
201969,042510477X,5
201969,055329170X,6
202036,074341795X,6
202046,8472237966,0
202046,8477204055,0
202046,849550152X,0
202061,029916540X,0
202173,081257995X,0
202173,1585671827,0
202212,1573229326,0
202239,3453071174,0
202257,006019538X,10
202277,1558532331,8
202277,156171156X,0
202381,1551667177,0
202389,1400033543,7
202389,1400040442,0
202462,042515601X,0
202462,055329170X,0
202462,1572970103,8
202518,1556618662,8
202532,051513287X,5
202584,3596112664,0
202648,068484477X,10
202746,1928556396,10
202764,8420634093,5
202764,8437600685,6
202834,042511872X,0
202850,1561793477,0
202882,3442727197,0
202918,1852305614,0
202963,067440369X,0
203017,006250746X,0
203017,1573229067,10
203017,1579546277,0
203017,1875137793,9
203017,1887208011,0
203031,8817114111,8
203033,051511944X,5
203058,1558506136,0
203074,157859054X,10
203118,068911981X,0
203162,1853262102,8
203203,8433967533,7
203240,1551667436,7
203240,1567315070,0
203249,080505801X,7
203280,061328125X,0
203280,1551668785,0
203380,1570423008,0
203401,051513287X,0
203422,1585421286,8
203441,034539092X,0
203603,1565922352,0
203603,1565924649,9
203603,1565925823,0
203618,068484477X,9
203626,1573221511,8
203649,042504842X,5
203764,055329170X,10
203764,055357230X,10
203799,051513287X,10
203799,1573245232,0
203799,1575663236,0
203805,051513287X,7
203820,8420432016,7
203820,8427202938,8
203820,8437607000,7
203820,8479013710,7
203820,8495501007,0
203900,067166218X,10
203900,1551664518,0
203900,1575666634,10
203910,1570827281,9
203963,067172262X,5
203968,014004826X,0
203968,042505733X,0
203968,042509104X,0
203968,055323546X,0
203968,059045403X,0
203968,1551660768,0
203968,1562470752,0
203968,1579730175,0
204087,1902881478,0
204167,1558172440,0
204167,1558174214,0
204246,3462028189,8
204316,1881164160,6
204359,039913431X,0
204359,044155279X,0
204363,060960516X,10
204457,055309999X,8
204474,1577311523,0
204522,1556618662,0
204522,1570426058,0
204548,1565078179,0
204591,050552533X,0
204591,081256653X,0
204591,081257933X,0
204591,155166934X,5
204591,1893896722,0
204678,1551668300,0
204698,034536676X,5
204807,1891150510,0
204813,038081918X,0
204813,052594639X,9
204864,006091307X,0
204864,014025644X,9
204864,034538072X,0
204864,038076296X,0
204864,039304632X,9
204864,055312160X,0
204864,055325846X,0
204864,068484477X,0
204864,078601489X,7
204864,082173797X,0
204864,1400040442,0
204864,1551665514,0
204864,155611494X,0
204864,156305051X,0
204864,156865765x,0
204864,1573227889,10
204864,1573229326,0
204864,158234096X,0
204864,1590170342,0
204864,1842122142,0
204864,1853262102,10
204864,1879373963,0
204891,3442452031,7
204946,1853260991,0
204964,068981285X,0
204964,1555834809,7
204964,1591823455,0
205188,068484477X,5
205196,155166819X,0
205197,038533530X,0
205197,039396924X,0
205426,1578630053,0
205473,044022442X,10
205473,1573229067,0
205473,189609595X,0
205487,1565049640,0
205487,1573180645,0
205502,1580083528,0
205502,1582971595,0
205517,055325846X,0
205528,1858285186,0
205554,067172262X,0
205727,1551661780,7
205728,1401097863,8
205735,038055657X,0
205735,044841970X,10
205745,193000902X,0
205765,038071504X,0
205783,038039586X,0
205843,068480154X,9
205943,076073321X,10
205943,1551520672,9
205943,1570670250,9
205943,1572153512,0
205943,1590030028,8
205943,1930051255,0
205963,1572972181,0
205969,1857231813,0
205980,006250746X,10
205980,1589195914,0
206016,034536676X,8
206045,155166951X,0
206074,051513287X,0
206074,080694238X,0
206074,087011798X,5
206074,1551668327,0
206107,034536676X,10
206150,3257061269,10
206202,006092327X,7
206202,006100328X,10
206219,8401474663,9
206305,068484477X,8
206423,074341182X,0
206431,068484477X,8
206441,3442448182,8
206534,034536676X,0
206534,051753505X,0
206534,055299376X,9
206534,1573226270,0
206534,1579121462,0
206567,068480154X,0
206567,1556618662,8
206635,1880418568,10
206691,042515601X,7
206758,1565121627,6
206865,2226086366,8
206865,2267011700,8
206891,1581170246,7
206932,8420480797,7
206932,8432206407,7
206932,8470390244,6
206944,067972334X,0
206944,068484477X,0
206944,1573229326,0
206972,039450657X,10
206979,1869411196,0
207019,067172276X,7
207067,849550152X,0
207234,8408001795,0
207246,015694877X,0
207246,043940987X,9
207246,1400062888,8
207246,1573229067,0
207246,1853260274,0
207246,3895082597,0
207246,8439703651,0
207246,9500700913,9
207259,042515601X,5
207259,042516053X,0
207259,055329170X,0
207282,3462028189,0
207349,037371050X,0
207370,096558383X,5
207385,081257110X,4
207411,3257061269,0
207450,1551665026,5
207450,1551668300,5
207494,039914255X,3
207499,1582341052,1
207563,1551666952,0
207580,3785720599,0
207616,1573229326,8
207651,1558534725,7
207667,1563410559,9
207679,1573229326,8
207721,068484477X,0
207721,1562365010,0
207727,1893787001,0
207782,006107635X,7
207825,038071549X,0
207951,1886093059,7
207965,068484477X,0
207971,067166218X,0
208019,034545104X,0
208019,1561705713,8
208019,1567315070,9
208019,157673918X,0
208077,055358264X,7
208095,006109420X,0
208112,055358264X,7
208141,006440787X,0
208141,073850307X,10
208141,1559722754,0
208141,1582970734,10
208147,055358264X,0
208147,061809542X,0
208147,068484477X,0
208147,1551668300,0
208147,1551669102,0
208147,1551669188,0
208309,1573221880,5
208352,1582343748,0
208367,034536676X,8
208406,034545104X,6
208410,055214276X,0
208410,1551520672,10
208410,1570670250,0
208410,1852135670,9
208410,1852303115,0
208481,1551666952,0
208506,1575667320,8
208568,044970436X,0
208605,1558532331,0
208644,1573227889,8
208671,1558747257,7
208671,1576734560,0
208671,1576739279,0
208684,067172262X,8
208697,1551668467,4
208788,1573229326,3
208829,038039586X,0
208829,039951676X,6
208829,051513287X,10
208829,052594639X,10
208829,055312160X,0
208829,055357230X,0
208829,1401887457,0
208829,1564021009,0
208829,1573229067,0
208907,1855940515,0
208907,189205101X,10
208907,1893010074,0
209059,034539092X,0
209059,067103409X,0
209119,158775004X,10
209148,086571312X,0
209148,1582600031,8
209160,034536676X,8
209160,044039077X,7
209233,068484477X,5
209238,051513287X,0
209284,1573229326,0
209373,055358264X,0
209373,1551664518,0
209373,1573226270,0
209373,1880418568,0
209438,037570101X,0
209516,000649966X,0
209516,1566565278,9
209563,006019409X,0
209563,1570360421,9
209632,1401088120,9
209645,006108445X,0
209669,1853262102,8
209756,055358264X,0
209756,067163951X,0
209756,068484477X,8
209756,076490616X,0
209756,1561794848,0
209875,020172796X,9
209875,067151914X,0
210010,8471753022,0
210010,8483140012,0
210035,037331163X,0
210035,044920085X,0
210132,1582431310,4
210168,1573229326,5
210212,3453863208,0
210311,1842121421,7
210311,3822821713,9
210330,1853262102,8
210377,3462028189,0
210485,038081322X,0
210485,091721403X,0
210485,1577347242,0
210597,034545104X,9
210597,1565925122,10
210627,034536676X,7
210717,068484477X,0
210792,030768993X,0
210792,039309040X,0
210792,042515601X,0
210792,1572972416,0
210792,9997401638,0
210822,1551666863,0
210959,038070384X,0
210959,067122669X,0
210959,1562822403,0
210959,1881532097,9
211137,006250746X,7
211137,1580624057,5
211152,055357535X,5
211152,1576831345,0
211231,1558173455,10
211288,034530358X,0
211288,039914255X,0
211344,044661095x,6
211344,055326981X,8
211426,029595695X,0
211426,051513287X,0
211426,055325846X,0
211426,055357535X,0
211426,1567310656,0
211426,1570361649,0
211426,1573226025,0
211426,1573241962,0
211426,1853262102,0
211426,1880418568,0
211430,014027281X,0
211460,360893541X,10
211460,3608935428,10
211603,055357535X,0
211640,037570082X,0
211713,051513287X,0
211847,1593080034,0
211847,8437603471,0
211901,8420634093,0
211919,014200443X,0
211919,044990914X,0
211919,068485368X,10
211919,093158003X,7
211919,1893676005,5
211976,1853260797,8
211978,3423205903,0
211988,1572318163,8
212138,8484034119,0
212142,081671469X,9
212170,1853260304,10
212181,043907035X,0
212275,014050172X,5
212385,042510477X,5
212467,1558745432,5
212467,1558747257,5
212467,1558748865,10
212541,1573227889,0
212568,031227663X,0
212607,1568840500,5
212610,3453160959,0
212628,067172262X,7
212628,1882428048,7
212645,006054242X,0
212645,067154053X,0
212645,1551668092,0
212645,1560253797,0
212645,1581800517,0
212645,1581801661,0
212645,1582970726,0
212682,1573229962,9
212708,1741140781,9
212775,1565122992,8
212898,006105612X,0
212898,006109515X,0
212898,006447237X,0
212898,014036644X,0
212898,037310572X,0
212898,037370982X,0
212898,038078601X,0
212898,039454269X,0
212898,039458886X,0
212898,039497333X,0
212898,042516571X,0
212898,042516974X,0
212898,044685641X,0
212898,044915002X,0
212898,055315379X,0
212898,055315544X,0
212898,055315950X,0
212898,055329265X,0
212898,055357230X,0
212898,055358085X,0
212898,059032005X,0
212898,059032196X,0
212898,059046986X,0
212898,067173606X,0
212898,067980580X,0
212898,1551665425,0
212898,1551665735,0
212898,1552122298,0
212898,1556612885,0
212898,1562823728,0
212898,1575663074,0
212923,038001503X,0
212923,055357230X,6
212923,067972334X,0
212923,080326870X,0
212923,1557040206,0
212923,1557232520,0
212923,1557233632,0
212965,037328604X,0
212965,037361361X,7
212965,1551665840,6
212965,1551668300,5
213047,1565846923,0
213066,067181785X,0
213066,1558745432,8
213066,1565076214,7
213083,055357230X,0
213111,067972575X,7
213197,1561382388,7
213312,1400046238,0
213312,1569246599,10
213316,1587170396,0
213316,1904034535,0
213350,038076296X,0
213350,042514898X,0
213350,044050788X,0
213350,048626470X,0
213350,078350229X,0
213350,078945758X,0
213350,087923556X,0
213350,087975396X,0
213350,1556709307,0
213350,1560986743,0
213350,156305051X,0
213350,1564580652,0
213350,1564584895,0
213350,1565049640,0
213350,1566191696,0
213350,1567920047,0
213350,1570361649,0
213350,1842122142,0
213350,1860497942,0
213350,1885203292,0
213410,068484477X,0
213476,3442455154,9
213491,006019250X,0
213518,096587706X,0
213523,037348268X,0
213531,051513287X,8
213625,039914255X,3
213628,1568650108,10
213641,1573229067,0
213661,038070384X,0
213708,068484477X,0
213775,8440694687,0
213831,1551667177,0
213848,1565120094,5
213900,3257061269,0
214011,034545104X,10
214050,8477357862,0
214107,060960077X,7
214138,1551666952,8
214185,055326981X,0
214244,3442452031,8
214272,034536676X,0
214272,1566845807,0
214272,1573221643,0
214272,1573229067,0
214319,8481300683,0
214366,1558745432,10
214443,207040370X,10
214583,044920250X,0
214651,051513287X,0
214651,068484477X,0
214651,086571231X,0
214654,156584775X,0
214786,034536676X,10
214786,039475803X,0
214787,014050446X,10
214890,074725043X,8
214920,8401492726,9
214920,8477204055,8
214920,847720859X,0
215004,3257231296,0
215071,158240139X,7
215136,067174383X,0
215136,1551665026,0
215136,1551668432,0
215136,1557735050,0
215139,051513287X,5
215204,1575663236,5
215480,087338668X,0
215562,1577310063,0
215588,091721403X,0
215627,037570521X,0
215702,155166951X,0
215709,1565123638,8
215728,037324522X,5
215831,1550375148,10
215942,1853260495,0
215942,2290325392,4
215947,2253006726,0
215947,2253009849,10
215986,1557483159,7
215986,1573229326,7
215988,1551668467,7
215988,1573229326,8
216012,006108185X,7
216012,037324603X,8
216012,044652946X,7
216012,051513287X,6
216012,059522976X,8
216012,1551666863,8
216012,1582970734,8
216012,1583142991,9
216027,043907035X,0
216027,044155279X,8
216099,1570083371,0
216265,068480137X,8
216294,039331295X,0
216386,1853260991,0
216444,038001503X,8
216444,055324518X,0
216444,1853260436,7
216466,1401039081,0
216474,014029984X,0
216557,091317503X,10
216557,1563410591,10
216579,031226772X,0
216670,051513287X,0
216670,1572231319,10
216679,068484477X,0
216683,037324407X,8
216683,051513287X,8
216683,1578632285,8
216724,061315231X,0
216724,1570362777,9
216829,068484477X,8
216839,1565120353,8
216882,1851682910,0
216882,1853262102,9
216884,1551103982,0
217056,081258032X,0
217106,020174578X,8
217106,087923556X,7
217106,093219415X,0
217106,1581800479,6
217121,068484477X,0
217121,1573229326,0
217121,1578064880,0
217121,1840184388,0
217173,1568650108,0
217211,1565041755,0
217212,037311723X,10
217271,038001503X,10
217318,055325846X,10
217346,034539769X,8
217375,006009348X,0
217375,030700645X,0
217375,038081918X,0
217375,051513287X,0
217375,076455168X,0
217375,078601489X,0
217375,081257169X,0
217375,082174996X,0
217375,1551667436,0
217375,1559722754,0
217375,1571456104,0
217375,1573229326,0
217429,1565123638,0
217565,3257061269,0
217566,055348768X,9
217566,1853687022,8
217571,087596107X,0
217701,344245283X,0
217720,1741140781,0
217740,1583487948,6
217740,2253006319,0
217740,8401328306,8
217740,8423309177,5
217740,8423333213,7
217740,8423995879,0
217740,8432231495,5
217740,8440673590,6
217740,8477204055,7
217740,8483109123,0
217740,8495501465,6
217740,9505156073,7
217811,155591330X,10
217818,055321392X,8
217895,006091307X,0
217895,1573229326,0
217895,1931313644,0
217958,055329170X,10
217986,1570362777,9
217986,9812349669,0
217989,1567181651,8
218005,043400796X,10
218005,1864470356,9
218068,051513287X,0
218068,B00009MBYK,0
218121,1853260436,10
218182,078144165X,2
218241,1573221880,6
218317,1573229326,8
218325,034539092X,8
218411,039458404X,10
218411,1882593138,8
218515,9681501225,8
218548,1565924649,10
218552,038000366X,0
218552,038549209X,0
218552,1558532331,8
218552,1562822403,0
218568,038039586X,9
218608,044991190X,0
218608,068484477X,0
218608,1551667436,0
218608,1559703768,0
218608,1559720255,0
218608,1565123638,0
218626,1400033543,10
218676,051513287X,10
218714,034536676X,7
218798,1842550942,6
218836,055356174X,5
218844,068484477X,7
219013,067151914X,0
219064,055358264X,10
219193,1565122992,7
219208,1565041267,0
219209,1567312101,9
219254,042505733X,0
219259,1585160806,10
219272,1400033543,0
219546,044155279X,0
219546,081671469X,0
219546,1558745432,0
219546,1562829254,0
219546,4770019874,0
219590,1893221024,7
219609,082174027X,5
219683,051513287X,8
219683,1565040783,7
219683,1565041755,5
219813,3551761019,6
219921,1551665840,6
219952,1565074165,3
220158,051513287X,0
220158,1551665700,0
220185,9681500954,0
220240,006250939X,0
220240,051513287X,9
220240,080696345X,0
220240,1577311957,6
220278,067972334X,0
220326,080075820X,0
220471,1573229326,7
220478,034530358X,1
220502,034545104X,3
220524,3518365525,0
220597,051513287X,8
220664,061823649X,0
220688,006039384x,0
220688,015694877X,8
220688,060961097X,10
220688,1880418568,0
220725,074321627X,6
220757,1556520980,0
220931,1591160596,10
220958,1556704712,6
220974,8401474744,0
221033,1561482161,10
221327,006109272X,6
221445,030700645X,0
221445,1551668467,0
221445,1573229326,0
221445,1579730876,8
221510,037322575X,0
221510,055357874X,0
221510,085345745X,0
221575,8423309177,8
221687,1558530185,10
221705,1551668785,7
221705,1573229326,0
221777,1401039081,7
221870,084395082X,0
221901,1551666952,3
221948,037325055X,2
221961,3442452031,0
222050,006092327X,0
222050,037312323X,0
222050,048628347X,0
222150,3442451140,0
222150,360893541X,3
222190,068484477X,0
222204,156076855X,10
222210,068484477X,6
222217,346202731X,0
222296,084394966X,0
222296,1573222038,7
222296,1573227889,8
222296,1575440806,8
222296,1931561656,0
222353,055309677X,6
222357,3453210697,0
222360,3462028189,8
222372,087980114X,5
222391,3442451140,0
222427,3257056125,6
222488,1556610351,0
222488,1853260274,0
222506,068485368X,0
222688,051513287X,0
222716,061328125X,0
222716,1860463916,0
222789,1557830398,8
222801,1551668254,8
222884,037303203X,0
222901,067172262X,0
222912,207071523X,0
222912,2253001457,0
222912,2253044903,8
222912,2253907014,0
222912,2266035762,0
222941,1551660482,0
223034,020142777X,9
223066,006093090X,0
223087,037326223X,0
223087,042514898X,0
223087,1885211732,0
223105,068484477X,0
223134,1568362536,0
223154,155166836X,6
223154,1558176535,0
223154,1566190568,6
223156,1400033543,8
223161,1557661154,0
223161,189205101X,10
223190,055358264X,0
223201,157120153X,7
223211,042509295X,0
223221,188184708X,9
223231,019282385X,9
223253,082498031X,5
223326,1561382809,5
223350,080505801X,0
223357,3453056183,0
223431,1565123638,7
223525,158872008X,9
223566,067174383X,0
223566,1880418568,8
223585,1574090852,7
223663,034082428X,4
223697,1551103753,0
223710,068484477X,0
223784,1551668467,0
223787,031226772X,8
223787,1586482122,10
223814,1573227889,8
224000,1567920845,0
224000,1573245038,0
224003,1400033543,8
224108,380727501,0
224108,385306032,8
224108,441676405,9
224138,038081563X,0
224146,006008216X,7
224217,051513287X,0
224236,055357230X,7
224249,1573229326,8
224333,030680476X,0
224349,006019538X,0
224349,015650300X,0
224349,068484477X,0
224349,1400040442,0
224349,1400047714,0
224349,155297622X,0
224349,1572434422,0
224349,1573222038,9
224349,1573222135,0
224349,1573229326,7
224349,1575666553,0
224349,1880323869,0
224349,2831577071,10
224360,2253044903,8
224360,2290048763,0
224430,068484477X,10
224430,1584855215,0
224430,1893554228,6
224435,038071504X,0
224435,051513287X,0
224525,1571890998,0
224525,1571891021,0
224525,1577311523,10
224572,8433920383,0
224580,1573229326,6
224612,055326446X,0
224635,8477204055,7
224646,014017186X,8
224646,034536676X,0
224646,068480154X,0
224646,1931313644,7
224733,9500718200,0
224738,1883642442,8
224749,1402706014,0
224764,037550916X,0
224764,055325846X,4
224764,078601489X,0
224764,080326724X,0
224764,1551660423,0
224764,1551665514,0
224764,1551666952,0
224764,1560549823,10
224764,157673627X,8
224764,158234096X,0
224807,1557482764,8
224809,1880418568,0
224904,1591820065,6
224923,068480154X,0
224927,068484477X,0
225027,078711118X,7
225078,1559722754,0
225078,1841952974,0
225087,006095275X,0
225087,037311396X,5
225087,048628347X,0
225087,055325846X,5
225087,1551665026,0
225087,1551668300,6
225087,1558176659,0
225087,1558320105,0
225087,1558742913,0
225087,1896239684,10
225199,014009735X,8
225199,019281446X,10
225199,067172276X,10
225199,068482471X,0
225232,055213922X,8
225232,1857022440,8
225286,1587611198,0
225379,1567403913,10
225411,1853262102,0
225595,060960922X,10
225595,089879854X,10
225595,1569248443,10
225610,067973001X,0
225659,8420613487,10
225659,843501665X,0
225717,006052510X,6
225763,014027569x,0
225763,039331572X,0
225763,044155279X,0
225763,055323823X,0
225763,067346962X,5
225763,155297622X,0
225763,1564782980,0
225763,1569470103,0
225763,1570718679,0
225763,158322064X,5
225810,031292545X,0
225810,042510477X,0
225810,044019122X,0
225810,051513287X,0
225810,055324518X,0
225810,055358085X,0
225810,068484477X,0
225810,1557732647,0
225810,1561738581,10
225812,1573221376,7
225886,044104915X,0
225886,044105000X,5
225887,1567312993,0
225904,074321675X,0
225986,014017186X,0
225986,1853260363,0
225988,156167477X,0
225989,038001503X,0
225989,038039586X,0
225989,067151914X,0
225996,051513287X,10
225996,1566199646,7
225996,1567181651,8
225996,1567183719,0
225996,1567189504,8
225996,1579123368,0
226005,082176828X,0
226006,050552533X,0
226006,082172987X,0
226006,084394966X,9
226069,1555472729,0
226069,1557738467,9
226184,2253044903,8
226235,1573240567,6
226267,051513287X,6
226297,067149581X,9
226393,006019250X,0
226429,1569470111,0
226522,055326981X,0
226545,037322530X,0
226545,037324553X,0
226545,037325055X,0
226545,037350179X,0
226545,037550916X,0
226545,038081918X,0
226545,042516571X,0
226545,044020609X,0
226545,055358264X,0
226545,055358457X,0
226545,067103409X,0
226545,1551666952,0
226545,1551668300,0
226545,1557487960,0
226545,1575664321,0
226545,1575667509,0
226616,078600231X,0
226745,1579540910,0
226753,038532006X,0
226879,044022442X,0
226879,1568650108,0
226879,1575660458,0
226965,073664704X,4
226977,014029984X,8
226996,3257061269,8
227007,051513287X,8
227025,1400046149,0
227096,1852305614,0
227097,044155279X,6
227106,034545104X,0
227146,034539092X,5
227176,3804202969,10
227250,037379066X,10
227250,1551668300,10
227257,084233601X,9
227382,3442727197,0
227382,3596112664,0
227447,034545104X,0
227447,037303363X,0
227447,037307980X,0
227447,037324598X,8
227447,050552063X,0
227447,055357230X,0
227447,055358264X,0
227447,1551661756,0
227447,1551665425,0
227447,155166562X,0
227447,155166609X,0
227447,1551666952,0
227447,155166819X,0
227447,1551668300,0
227447,155166934X,0
227447,155166951X,0
227447,1558536736,0
227447,1565792947,10
227447,156731435X,0
227447,1575663236,0
227447,1575667509,0
227447,1577341856,10
227447,1842222171,9
227520,034545104X,0
227520,051513287X,10
227520,1575663295,0
227672,1565791460,0
227702,1400046238,0
227702,1573229326,5
227705,042510477X,0
227705,055357230X,0
227705,1551666952,0
227705,345384466,0
227728,3462028189,0
227795,1573229326,7
227835,087486903X,5
227836,038081918X,0
227836,067172083X,10
227836,1551665840,0
227886,034545104X,3
228021,1563896680,8
228080,1853262102,8
228276,1556156782,0
228321,078688245X,5
228374,078144165X,0
228417,068483751X,9
228557,2264031778,5
228569,3453071174,0
228579,1400034094,0
228666,8437600685,8
228681,055358264X,0
228681,081672363X,0
228681,1575662272,0
228764,038076296X,0
228764,044900516X,0
228764,045121062X,0
228764,051513287X,0
228764,055358264X,0
228764,067102177X,0
228764,068484477X,0
228764,082176683X,0
228764,1551665050,0
228764,1551668114,0
228764,1551668300,0
228764,1575669072,0
228789,186205102X,0
228828,1573229326,0
228947,3442150841,10
228998,037316923X,0
228998,038070384X,0
228998,042515601X,0
228998,055310764X,0
228998,055326981X,8
228998,067104298X,0
228998,067174352x,10
228998,068480154X,0
229002,055357230X,0
229011,006009348X,0
229011,1573229326,0
229038,3829005202,0
229038,3882438002,0
229092,037570177X,7
229148,3462028189,0
229282,1564780856,7
229313,067166218X,0
229313,1567182259,3
229313,1573229326,8
229313,1585421073,0
229329,055357535X,10
229329,068484477X,0
229329,185470124X,7
229329,1857022556,8
229329,1897784376,8
229329,2226070109,9
229329,2266025791,0
229330,019283391X,6
229409,055357230X,8
229478,159182317X,10
229499,1852426861,3
229501,8472237966,0
229501,8477204055,8
229513,1573229326,0
229551,037312323X,0
229551,037325055X,0
229551,037383313X,0
229551,050552094X,0
229551,068484477X,0
229551,1551667177,0
229551,1551667436,0
229551,1582342768,0
229551,1587360985,0
229551,186205102X,0
229607,043907035X,0
229632,037311771X,5
229728,2290314765,10
229741,006008216X,0
229741,1573229326,6
229757,1573222135,0
229875,080505801X,9
230030,1570281882,10
230030,1579730876,0
230030,1887432981,10
230259,006019250X,9
230374,1573229326,7
230374,3404125851,0
230374,3518365525,7
230400,044921625X,0
230413,1560251476,0
230427,3453170873,10
230429,3453071174,8
230459,1560255390,0
230496,038076296X,0
230496,055329170X,0
230522,006440305X,0
230522,030730115X,0
230522,034536130X,0
230522,038001503X,0
230522,042508437X,0
230522,044040763X,0
230522,055357230X,0
230522,055358264X,0
230522,067988470X,0
230522,068484477X,0
230522,068810553X,0
230522,081258435X,0
230522,096126909X,0
230522,1551665042,0
230522,1555130879,0
230522,1556610351,0
230522,1559724706,0
230522,1577486994,0
230522,1580760856,0
230522,1586210564,0
230522,1881955338,0
230642,1583487948,0
230699,1580050433,7
230708,044022361X,9
230708,067102177X,0
230708,068484477X,0
230708,1551665700,0
230708,1551666952,0
230708,1551668300,0
230852,1931561044,9
230985,1565294394,10
231022,1569313784,0
231132,067102177X,0
231132,1551668092,5
231143,2070405311,10
231210,006440238X,0
231210,037303749X,0
231210,037310846X,0
231210,037311771X,0
231210,037369122X,0
231210,037550396X,0
231210,038081563X,0
231210,039396924X,0
231210,067181785X,0
231210,082173671X,0
231210,082176828X,0
231210,1551665050,0
231210,1559722754,0
231210,156076628X,0
231210,1562801422,5
231210,1573227889,0
231210,1573229326,0
231210,1575661578,0
231210,1883642000,0
231237,006100832X,0
231237,1401039081,10
231264,155166562X,10
231340,006019409X,0
231374,055334949x,0
231393,1559702354,0
231503,060960922X,5
231671,140334339X,9
231723,1573227889,10
231735,1852305614,7
231795,034539092X,0
231823,1551666952,8
231827,078688147X,10
231827,1402706014,10
231827,1577940407,8
231857,156076628X,0
231857,1561706280,0
231857,1569712352,0
231865,1573229326,0
231869,068484477X,10
231871,1898051143,0
231891,3257061269,9
231891,3423205903,5
231891,3442452031,3
231993,1551668114,0
231993,1573227889,7
232052,067170608X,9
232067,089296801X,0
232106,055357230X,0
232106,060961097X,10
232131,006109420X,0
232131,014027281X,0
232131,030680476X,0
232131,039470200X,0
232131,051753035X,0
232131,052594639X,0
232131,055309677X,0
232131,055357230X,0
232131,059018749X,0
232131,068484477X,0
232131,1551665026,0
232131,1558742956,0
232131,1566890349,0
232131,1567188087,0
232131,1573226025,0
232131,1573228303,0
232131,1573241962,0
232131,1580050948,0
232271,094500110X,8
232271,1573245038,8
232271,1577311523,0
232368,034536676X,8
232368,1580174019,0
232579,067972236X,7
232579,1556112173,8
232748,1580620809,8
232959,1573229326,0
232959,1593080018,0
232964,068484477X,0
232990,068484477X,7
232990,1576730824,7
233041,1563634570,0
233196,006104444X,8
233398,081257169X,0
233430,1573229326,5
233480,068484477X,0
233714,2253907014,7
233739,1590591062,0
233819,1577311523,9
233847,014037129X,8
233911,042505232X,0
233911,044130589X,0
233911,055325121X,0
233911,067172083X,0
233911,075640049X,10
233911,1560765577,0
233911,1561004669,0
233911,1580170900,10
233917,051513287X,0
233917,1557508275,0
233917,1565071735,0
233917,1572930233,8
233947,038081563X,0
233955,044921625X,7
233955,067174383X,0
234108,068484477X,0
234121,8445070843,6
234281,2253006963,0
234281,2253044903,0
234288,1853260495,3
234309,055357535X,0
234359,006104444X,0
234359,037320146X,0
234359,037327291X,0
234359,037327310X,0
234359,082177512X,5
234359,1402201478,0
234359,1551666731,6
234359,1551667436,0
234399,042515601X,9
234597,042510477X,0
234606,000255397X,8
234623,006054550X,8
234623,006104444X,0
234623,015165199X,0
234623,031210491X,0
234623,037307381X,0
234623,037324522X,0
234623,039542920X,0
234623,042510477X,0
234623,044900516X,0
234623,044922032X,0
234623,051513287X,0
234623,055358457X,0
234623,059043473X,0
234623,067103409X,0
234623,068484477X,0
234623,068982646X,0
234623,074348830X,0
234623,078601489X,0
234623,096634734X,7
234623,1558532331,10
234623,1570362777,0
234623,1884592406,0
234623,1903650267,0
234657,087980212X,8
234657,1571890998,10
234657,1571891021,9
234765,1573229326,0
234828,044050354X,0
234828,075640049X,7
234828,1587155877,9
234921,1861540507,0
234948,1573220418,0
234954,067960085X,8
234954,8471664577,0
235011,1573229326,7
235019,038001503X,10
235105,006104444X,0
235105,042505733X,0
235105,044018066X,0
235105,044056428X,0
235105,044808953X,0
235105,059046986X,0
235105,059066204X,0
235105,059093483X,0
235105,061809542X,9
235105,067003083X,8
235105,089296801X,8
235105,1400031192,7
235105,1400075319,8
235105,1551661756,0
235105,1551666243,0
235105,1557481105,0
235105,1559706414,8
235105,1559706686,8
235105,1567310656,0
235105,1575661292,0
235105,1576102629,0
235105,1585672335,8
235105,158574347X,0
235105,1895565146,0
235105,1931081514,8
235117,1582090246,0
235146,074321627X,0
235282,006093090X,6
235282,031226772X,0
235282,1885865171,0
235371,3442451140,7
235379,055310134X,0
235384,031285112X,0
235392,014037129X,0
235392,068484477X,0
235392,1562802127,0
235392,1570620768,4
235392,1575661292,0
235392,345384466,0
235394,8432206407,8
235394,8477204055,7
235442,2070392597,0
235475,3596112664,0
235475,8432215058,8
235528,039914255X,0
235684,1551669102,0
235762,1591292905,0
235805,1860660916,0
235842,044022702X,0
235842,059018749X,0
235842,059046986X,0
235842,083177388X,0
235842,1558747257,0
235842,1562822403,0
235842,1568651813,0
235842,1593100515,0
235884,055325121X,9
235884,068480137X,9
235888,015694877X,4
235891,055213922X,0
235895,039304632X,8
235929,068484477X,10
235935,038001503X,0
235935,042515601X,0
235935,055357230X,9
235935,074321627X,0
235935,155166836X,0
235935,1551669188,0
235977,3548253326,0
236017,1400033543,8
236058,051513287X,0
236164,082177512X,5
236172,055357230X,0
236172,068484477X,0
236172,156292026X,0
236172,1563521830,0
236172,1567312500,5
236172,1575668394,0
236178,1569753210,0
236186,360893541X,0
236283,030700645X,10
236283,038001503X,0
236283,038070384X,8
236283,051513287X,0
236283,155166819X,0
236283,155166836X,0
236283,1558745432,10
236283,1561738581,10
236283,1564144852,8
236283,1880418568,0
236283,449901815,0
236340,042510429X,0
236340,055329170X,9
236340,055357230X,9
236340,072251459X,8
236399,1551563452,10
236399,1893183025,0
236727,1852278455,8
236757,031226299X,8
236757,068484477X,0
236757,1560765577,0
236757,1569471266,0
236840,006250746X,0
236948,1577311523,0
236948,187909732X,0
236948,1888767340,0
236955,1586605844,0
236959,037311043X,0
236959,081257933X,2
236959,1570761450,6
237175,042515601X,0
237208,3423205903,7
237334,1400040442,8
237397,006095955X,0
237411,1573229326,7
237451,044805454X,6
237474,1573229326,0
237575,1573229326,7
237577,1557483159,0
237805,1551667177,0
237900,3442150841,0
237902,8401328306,7
237962,3453210697,7
237990,051513287X,5
237990,1577941640,4
238065,068484477X,8
238120,006019328X,0
238120,055321392X,10
238120,067085767X,0
238120,068484477X,0
238120,1565123638,0
238120,1566192943,0
238120,1573229326,0
238120,1582430624,0
238120,1891138049,0
238141,1861001347,5
238178,067172262X,10
238179,067166333X,1
238186,071672250X,0
238189,043400362X,7
238222,055329170X,10
238222,055357230X,10
238458,1887128336,0
238526,038049163x,0
238526,038076296X,0
238527,1885356080,0
238541,067944646X,0
238541,1565048202,0
238557,037303749X,0
238557,067187456X,9
238557,1557735204,0
238557,1584855215,0
238557,B00009MBYK,8
238568,068484477X,8
238613,1573229326,0
238630,1580050433,5
238679,1559722754,0
238699,1551668432,0
238781,006108185X,0
238781,037383313X,0
238781,039914093X,0
238781,051513287X,0
238781,055358264X,0
238781,082175064X,0
238781,082176828X,0
238781,082177512X,0
238781,091336701X,0
238781,1551668785,0
238781,155166951X,0
238781,1556619510,0
238781,1557487960,0
238781,1562920618,0
238781,1566845807,0
238781,1579721834,0
238809,3596154227,6
238864,074324480X,0
238889,1569472564,8
238898,068484477X,9
238915,080075820X,8
238925,067102261X,6
238926,051513287X,7
238961,061353851X,0
239147,034539092X,0
239279,1573229326,3
239310,038070384X,7
239423,055357647X,0
239423,075640049X,7
239449,067983074X,0
239458,019283357X,0
239488,3404144783,10
239559,006019250X,10
239567,1565048202,6
239584,140220017X,0
239584,1565123638,0
239584,1573222038,10
239584,1573227889,10
239584,1580050433,0
239594,034536676X,8
239594,1573227889,7
239594,185326007X,8
239594,1853260436,0
239594,1853262501,0
239594,2877142132,0
239630,2070364755,3
239630,2211017312,0
239630,2290314765,0
239630,2877141888,0
239642,000255397X,10
239688,051513287X,10
239736,3462028189,3
239769,1581510357,0
239945,1558175555,7
239951,1853262935,0
239998,006093090X,7
240035,1573229326,0
240035,1885228333,0
240051,039914255X,0
240091,1572231319,9
240113,1575322595,0
240131,006052510X,7
240144,006104444X,7
240144,034545104X,3
240144,067003021X,8
240144,068484477X,0
240144,068814179X,0
240144,1559703415,0
240144,1569472084,0
240144,1575661462,0
240144,1885941757,0
240144,188619906X,8
240155,1562829254,5
240219,038076296X,8
240219,1575666693,8
240222,1855385074,0
240241,344245283X,0
240305,1898617066,0
240322,029916540X,8
240348,068484477X,0
240401,1566910005,0
240401,1573229326,0
240401,1841764469,5
240401,1859845835,0
240403,1556618662,6
240403,1570361649,10
240418,8420634093,0
240440,8432206407,8
240440,9681500954,0
240528,157432134X,10
240541,1572241217,10
240543,038001503X,10
240543,083480087X,10
240543,1555842720,9
240543,1564584895,10
240543,1855858428,10
240548,1560105828,10
240567,068484477X,7
240677,1573222135,8
240756,006009348X,0
240756,084394742X,8
240883,1570981604,0
240906,042510429X,0
240906,155166173X,0
241011,047102984X,0
241033,091721403X,5
241042,1557735964,0
241086,006018826X,7
241086,1880418568,0
241198,3257061269,9
241198,3453071174,8
241198,3596220831,9
241232,014044016X,0
241268,8423309177,0
241268,8433967533,0
241305,015506374X,0
241501,1550373897,7
241531,037325055X,0
241548,081258435X,0
241565,037309695X,0
241565,055357230X,5
241565,1551666731,0
241614,067172262X,0
241647,038519093X,10
241666,042510429X,0
241749,051513287X,7
241749,055358264X,0
241788,088240069X,8
241874,1400033543,0
241907,075284413X,0
241920,1573229326,6
241980,076455168X,9
241980,078601489X,9
242006,037302858X,0
242006,037303590X,0
242006,037329008X,0
242006,055321828X,0
242006,1551662922,10
242006,155166819X,0
242006,1551668432,8
242006,8474171113,0
242006,8474171210,9
242006,9501515249,0
242061,380704587,8
242073,037541178X,0
242083,067172262X,10
242083,068981724X,0
242083,1880418568,7
242106,034530358X,0
242106,042507367X,0
242106,1413703755,5
242106,1551661780,0
242106,1551665840,0
242118,080696345X,6
242118,1573241660,0
242153,044022702X,9
242248,1578561337,9
242248,1579541976,8
242257,1570980926,5
242262,1578630053,5
242299,042515601X,0
242299,1570426058,7
242299,1573229326,0
242299,1586210564,9
242309,1573229334,7
242361,081257169X,0
242361,1551664178,0
242361,1551668300,0
242409,067101448X,5
242409,091317503X,0
242409,1573227889,0
242409,2070335550,10
242431,068484477X,0
242445,1575661721,0
242465,034539769X,0
242465,1580625320,10
242493,1573229326,7
242515,061328125X,0
242637,006091307X,6
242639,1593071639,10
242640,1851860274,0
242642,051513287X,0
242642,1551668432,0
242646,037351235X,0
242646,051513287X,0
242742,078144165X,10
242742,1576739279,6
242824,034530358X,0
242824,037310846X,0
242824,037323015X,0
242824,037327260X,0
242824,037327310X,0
242824,037328604X,0
242824,037370853X,0
242824,042516571X,0
242824,044018455X,0
242824,050552533X,0
242824,067103409X,0
242824,082172505X,0
242824,082176828X,0
242824,1551665042,0
242824,1551666952,0
242824,1551669102,0
242824,1558174729,0
242828,1579547923,10
242940,067972575X,9
242962,080198775X,10
242962,345365399,0
243071,1576730824,10
243077,055337365x,9
243077,067102499X,0
243077,1400062888,0
243077,1931514933,5
243079,034536676X,0
243142,034545104X,9
243200,068484477X,0
243206,1854790056,0
243236,1573229326,0
243294,186204502X,6
243390,1565481542,9
243548,3462028189,0
243645,1573229326,0
243700,091721403X,7
243745,1573227889,0
243745,8420613487,0
243745,847417113X,5
243745,8475201253,0
243759,1575665697,0
243847,3404125851,0
243870,038550781X,0
243891,1573229326,0
243929,1555838308,0
243929,156947107X,9
243930,014030925X,0
243951,060961097X,10
243964,1930754213,0
243964,193075437X,0
244056,1585671827,0
244139,3423205903,7
244189,1558507116,0
244277,034082428X,0
244286,1400033543,0
244314,074342803X,7
244386,1840182237,0
244420,034545104X,8
244420,1556618662,0
244627,034530358X,8
244662,037383313X,0
244662,1573229326,0
244670,3423205903,0
244670,3442452031,7
244685,042515601X,9
244688,037570633X,0
244688,055357874X,0
244688,068982047X,10
244688,155166609X,0
244688,1551668300,0
244708,000716212X,0
244708,1901130622,8
244727,1551660423,8
244736,006091307X,0
244736,1551668467,0
244736,1573227889,0
244747,015694877X,9
244994,034530490X,0
244994,034536676X,0
245157,074321675X,0
245311,051513287X,6
245312,093219415X,0
245312,1551668467,0
245410,038001503X,6
245546,067972575X,9
245604,1880418568,9
245645,1577490886,0
245827,014030925X,5
245827,030722001X,0
245827,055357230X,5
245827,080078412X,0
245827,080411255X,0
245827,1570644845,5
245864,1570360758,0
245893,3453164210,10
245925,068484477X,0
245963,034524558X,0
245963,034528965X,0
245963,037311592X,0
245963,037328778X,0
245963,037329008X,0
245963,037370612X,0
245963,038071504X,0
245963,038080302X,0
245963,042510429X,0
245963,042510477X,0
245963,042511872X,0
245963,042514156X,0
245963,044018455X,0
245963,044044165X,0
245963,044900516X,0
245963,044921625X,0
245963,051753262X,0
245963,055325121X,0
245963,059033557X,0
245963,067163951X,0
245963,067180913X,0
245963,067945747X,0
245963,067973001X,0
245963,088739339X,0
245963,092960864X,0
245963,1557732647,0
245963,1563380501,0
245963,1570362777,0
245963,1881919005,0
245993,1931514623,0
246000,034539092X,0
246156,1551666952,0
246156,1551669188,0
246156,1573227889,8
246216,1556523882,0
246230,006095955X,9
246246,034539769X,6
246247,068981285X,10
246293,8495501104,0
246311,1565123638,5
246311,1573222135,7
246318,080481645X,0
246384,081180304X,0
246393,067973001X,8
246448,1561702196,0
246470,1551660423,0
246470,1551668300,9
246507,037325055X,0
246507,1568650299,8
246513,1558175555,0
246513,1575666693,0
246513,1885840055,0
246617,1857025628,0
246634,156331830X,0
246655,037324407X,0
246655,042511872X,0
246655,051513287X,0
246655,055357230X,0
246655,1551661756,0
246655,1551668300,0
246655,1551668432,0
246655,1551668467,0
246655,1557481105,0
246655,1564021009,0
246655,1573245232,0
246655,1576738825,0
246655,1577484312,0
246671,055325846X,0
246671,067102177X,0
246678,075130221X,0
246745,3462028189,0
246776,1853260509,0
247010,051513287X,0
247041,8420634522,7
247055,1563523876,0
247078,8426107583,8
247079,8426107583,0
247083,972211137X,8
247091,849550152X,7
247121,8501012076,0
247201,074342803X,0
247241,1551664364,0
247241,1551664518,0
247241,1551668300,8
247429,1557481105,0
247429,1569551197,0
247429,193000902X,0
247447,051513287X,10
247447,082177512X,0
247447,1551667436,0
247447,155166951X,9
247447,1575669072,0
247474,3423205903,0
247546,3882438002,8
247664,031052881X,0
247664,1853260274,9
247747,006028739X,0
247752,014037129X,0
247752,1551665514,0
247755,039458886X,0
247830,037327260X,0
247840,1573229326,9
247852,006463325X,0
247852,069107089X,10
247852,157866005X,10
247887,9722007092,0
247890,1570089949,0
247958,037327176X,0
247976,1888580224,8
248003,068484477X,0
248098,1400033543,8
248126,031299141X,0
248138,055309677X,7
248138,067122669X,6
248221,1559212373,0
248280,042515601X,5
248289,075252769X,6
248289,1853263109,5
248325,8472237966,9
248464,076071018X,0
248477,1573229326,0
248570,074322261X,3
248718,034537391X,2
248718,038079635X,0
248718,042505232X,8
248718,067172083X,10
248718,080411269X,8
248718,084780738X,9
248718,1551665131,5
248718,1552633020,10
248718,155652272X,9
248718,156305051X,10
248718,1567001459,9
248718,1569470111,9
248718,1575664321,7
248727,3453071174,8
248838,044805454X,0
248850,038001503X,0
248850,039914255X,5
249092,084234716X,4
249098,068484477X,0
249111,031218736X,0
249111,1562935453,8
249386,1875989056,8
249407,015694877X,0
249407,031230434X,0
249407,093425267X,0
249407,156305051X,0
249407,1580621902,0
249407,B00016560M,0
249628,051513287X,0
249628,059084766X,0
249628,1563974010,0
249631,068810553X,9
249658,3829028911,9
249723,1551668300,0
249826,067980580X,5
249826,1863024174,6
249862,051788139X,10
249862,068486214X,0
249862,1565297253,0
249894,034538265X,6
249894,043935367X,0
249894,044020982X,0
249894,044155279X,8
249894,059018749X,7
249894,091721403X,5
249894,1561480487,10
249914,1853260363,0
249958,1562470752,10
250015,067180913X,0
250048,8401497523,0
250105,057121522X,0
250184,034539092X,0
250192,1551665735,10
250253,1567181651,8
250322,034536676X,9
250342,078680842X,7
250359,067103541X,6
250359,1400046149,10
250359,1565040783,10
250359,1565048768,0
250359,1565049950,0
250359,3822819840,0
250366,1573229326,0
250388,1566610338,8
250391,034531378X,0
250405,031228327X,0
250405,051758560X,8
250477,042514898X,0
250510,006091307X,0
250510,1883672236,0
250705,084233307X,0
250709,042516053X,5
250709,1562011138,0
250750,189395613X,0
250764,006109272X,0
250764,037326142X,0
250764,055310778X,0
250912,1853262455,0
250925,093003175X,10
250935,034536676X,0
250962,014118213X,7
250962,1565048202,0
250969,067973001X,0
250984,1402202261,0
250987,1569471266,0
251071,1557233632,0
251093,039309040X,0
251097,8423309177,5
251122,055357230X,0
251140,1551665735,0
251140,1880418568,0
251267,1885211600,10
251288,3518365525,0
251339,084395082X,0
251339,155166819X,7
251339,1558745432,0
251394,044018178X,0
251394,1551668467,0
251394,1567181651,6
251394,1588160068,0
251394,1859845010,7
251422,014004826X,0
251422,037302942X,0
251422,037309468X,0
251422,037329171X,0
251422,042509104X,0
251422,055323546X,0
251422,059045403X,0
251422,1551660768,0
251422,155166173X,0
251422,155166951X,0
251422,1562470752,0
251422,1880418568,0
251442,082176828X,0
251467,078684440X,0
251467,1584856572,10
251483,044991190X,5
251495,1565077849,0
251499,1558175555,0
251572,187991509X,0
251613,006097530X,0
251613,055358264X,0
251613,068480154X,0
251613,084234716X,0
251613,091651501X,0
251613,1561703850,0
251613,1568490593,0
251613,1577944704,0
251613,9997531590,0
251642,034539092X,0
251721,1551665700,0
251764,1573220051,6
251843,1551668467,0
251843,1558538445,10
251844,1551666952,5
251844,1563895196,10
251844,1571459987,9
252071,051513287X,0
252071,082176828X,0
252071,1551661640,5
252071,1551668300,0
252222,1552094502,10
252263,1556618662,0
252274,1573229326,0
252279,067972723X,9
252560,067172262X,6
252642,1573227889,0
252642,1875559191,0
252695,037307980X,0
252695,037316856X,0
252695,037376409X,0
252695,055347331X,0
252695,055358264X,0
252695,067151914X,0
252695,155166562X,0
252695,1551665700,0
252695,1559212594,0
252695,1559273844,0
252695,1579247024,0
252726,1570089949,0
252743,068484477X,0
252846,1569753210,9
252846,1591820065,9
252848,1551662922,0
252848,1551664356,0
252848,1559703091,0
253106,034539092X,0
253119,1556618662,10
253141,1557040273,10
253202,1888580224,0
253243,1400048095,0
253322,039304632X,10
253556,1402201478,0
253556,1558538445,0
253556,1885904088,10
253556,1885904142,0
253556,1892374358,0
253743,037541178X,0
253771,006097270X,8
253773,067170608X,0
253821,1569313784,0
253821,157866005X,8
253859,8420481025,0
253859,8420634093,5
253867,038039586X,0
254053,1578152720,9
254144,051513287X,9
254159,1569245150,0
254178,8476406428,5
254196,042510477X,3
254206,039548930X,10
254206,074343580X,0
254224,067172262X,8
254235,081257995X,0
254241,034538167X,0
254241,044155282X,0
254241,1929049277,0
254261,068484477X,4
254365,059018749X,0
254376,037570082X,10
254417,038548254X,7
254465,037312290X,0
254465,037324259X,0
254465,037324410X,0
254465,044900516X,0
254465,051513287X,0
254465,055358264X,0
254465,1556618662,0
254465,158660399X,0
254467,1565121627,0
254528,155166951X,0
254543,067102177X,0
254579,3442452031,5
254690,006052510X,0
254770,1575667320,4
254899,006091307X,0
254899,034528223X,9
254899,055337141X,0
254899,089009246X,0
254899,1559581883,5
254899,157866005X,0
254971,055357230X,0
254971,068484477X,0
254971,1551668300,0
254981,080505801X,0
254995,1880418568,7
255092,034536676X,0
255092,038001503X,0
255092,067172262X,10
255092,1577311523,0
255155,3895080896,7
255161,074725043X,0
255218,014025644X,0
255218,043940228X,0
255218,075222431X,0
255218,1573220051,9
255218,1573221643,0
255218,1591291666,0
255267,068484477X,0
255466,1567312292,10
255489,055324924X,0
255489,1879045982,0
255502,034545104X,6
255546,037329008X,5
255546,1565123638,8
255550,055358636X,6
255582,006093090X,9
255625,055358264X,0
255719,068484477X,0
255789,067151914X,5
255814,1850153086,0
255814,1853261165,8
255814,189939835X,8
255846,2070393585,7
255846,2070401871,0
255846,274272821X,0
255850,8481301132,0
255950,1853260274,0
255966,1853260991,7
256072,1585670987,9
256167,044132231X,0
256167,051513287X,0
256167,155166173X,0
256167,1577658000,0
256233,1558746218,0
256251,039480080X,0
256407,1551668254,0
256407,1565114760,0
256496,185326007X,8
256525,1578210615,0
256562,1585420158,0
256603,1573229326,0
256695,068484477X,8
256844,051513287X,0
256844,1568849176,0
256864,055309677X,1
256972,044921754X,0
257028,078601007X,0
257028,1579590306,0
257033,2253044903,0
257132,1930486294,8
257187,188473748X,5
257198,075640049X,7
257204,038501502X,0
257204,067187702X,0
257204,075640049X,0
257204,1560765828,0
257204,156076628X,0
257204,1560768851,0
257204,1565041070,0
257204,1567183719,0
257204,1567186661,0
257204,1574860666,10
257327,1551668467,0
257327,1885408234,0
257368,038548254X,0
257368,1573920681,0
257368,1887656006,0
257394,8495501007,0
257450,1569245150,8
257453,2253044903,8
257475,1573229067,5
257492,034536676X,10
257492,034545104X,5
257493,037328778X,0
257548,068483751X,0
257548,1551668254,0
257591,051513287X,7
257651,1576732762,7
257777,059018749X,0
257810,042515601X,5
257862,8420634093,0
257963,006250746X,0
257969,1556610351,0
257998,084234716X,0
258011,086547513X,0
258111,068485368X,7
258151,051513287X,0
258151,055357230X,7
258152,019281785X,0
258152,034538900X,0
258152,044018178X,0
258152,1560765577,0
258152,1853263109,0
258152,1853264423,0
258152,1853264822,0
258164,159129102X,10
258182,1551665700,8
258185,037325055X,0
258185,038081918X,0
258185,055329170X,0
258185,074341795X,7
258185,082173671X,2
258185,1551667436,8
258235,055321392X,7
258240,1578631351,10
258270,044022442X,10
258275,1573229326,8
258290,074322261X,0
258348,3462028189,0
258352,1551661640,0
258352,1551665700,0
258352,1551666243,0
258413,3453071174,0
258514,1569753210,0
258534,031226772X,0
258534,055329170X,8
258534,055357230X,9
258534,1400033543,7
258534,1841952974,0
258534,1893676005,0
258609,2253044903,8
258632,3770123271,7
258648,1400033543,0
258690,1550500600,0
258690,1551664720,0
258690,1551668432,0
258717,091629160X,0
258849,1885211090,9
258884,1551661640,8
258913,3453071174,8
258938,037570633X,0
259004,1557732647,0
259004,1898617066,8
259028,055321828X,0
259035,052594639X,0
259035,068484477X,0
259035,158542045X,0
259057,8401474663,0
259057,8440637128,0
259057,8495501090,0
259057,950072040X,0
259064,185326007X,0
259118,089733471X,0
259118,1582402264,7
259118,189186744X,3
259155,2253044903,10
259205,3453071174,9
259259,1880418568,10
259264,067151914X,0
259264,068484477X,0
259279,068484477X,0
259286,044022442X,7
259323,8423309177,7
259363,051513287X,0
259378,034536676X,7
259380,037316923X,0
259380,1551665700,0
259475,1858687543,0
259531,1565570502,0
259542,1573229326,5
259626,039304632X,0
259629,034539092X,0
259629,060961097X,0
259660,8401328306,0
259660,8420634093,6
259660,843928036X,5
259660,8472237966,0
259660,8472239373,0
259660,849550152X,0
259810,006019250X,10
259901,1401039081,0
259929,1572231319,0
260183,075284413X,0
260183,1550224743,7
260183,1842121421,0
260199,039471069X,0
260254,8495501104,7
260464,8420634093,5
260473,1583488294,0
260531,069707045X,0
260590,1558535438,0
260758,8420480797,7
260796,031286325X,7
260897,034545104X,3
260897,067172262X,10
260897,068484477X,0
260897,1558508287,0
260897,1573229326,0
260897,1580621902,9
260944,1556618662,8
261009,1551668254,2
261037,1853260509,7
261037,190048627X,0
261043,019283357X,8
261069,078144165X,7
261105,068484477X,6
261105,1853260436,0
261105,3442727197,0
261105,8185107963,0
261105,8880891901,0
261214,3257061269,10
261322,3442451752,0
261385,1855940515,6
261471,034536676X,8
261567,8495501090,9
261585,034536676X,9
261601,081257995X,10
261641,8495501007,0
261641,8804314907,0
261784,051513287X,8
261829,037311771X,0
261829,037324522X,0
261829,037327260X,0
261829,044022442X,0
261829,051513287X,0
261829,155166934X,7
261829,1558174729,8
261829,1573229326,6
261829,1844160599,0
261948,1566197511,10
261988,1852306920,0
262000,1411603222,0
262070,844507119X,0
262118,1576738825,10
262172,207040370X,7
262186,1572700653,0
262208,059068714X,0
262218,096634734X,0
262281,068484477X,8
262297,8401341523,6
262310,086571231X,0
262310,189395613X,0
262311,038070384X,0
262391,015694877X,0
262399,031298359X,0
262399,038081918X,0
262399,051513287X,0
262399,082172262X,0
262399,1551666952,0
262399,1573241180,0
262399,1885171048,0
262426,155166609X,6
262426,1566190266,0
262459,1551664518,0
262541,051513287X,7
262587,1877617067,0
262789,9722110217,8
262862,1573220418,0
262867,091372078X,9
262902,061328125X,0
262940,1570231028,0
262944,156076855X,0
262998,080395767X,8
262998,1559705213,7
262998,1563891506,9
262998,1564143090,7
262998,1585420158,0
262998,1878246003,8
262998,1930051255,0
263003,034545104X,7
263052,155858465X,0
263093,8804279737,6
263101,038001503X,10
263107,3518389742,0
263129,1862911827,0
263151,1741140781,6
263163,034536676X,0
263163,1565920414,0
263163,1579651658,0
263256,1558746218,10
263300,1570089949,7
263325,1573222038,8
263325,1882593448,0
263344,1853262102,0
263393,068484477X,10
263393,1853260363,0
263445,1903650267,0
263460,037329008X,0
263460,050552533X,0
263560,037325055X,5
263585,2253006319,0
263637,1855329646,0
263733,3453210697,0
263753,8472237966,10
263842,034536676X,9
263877,052594396X,0
263877,055329170X,0
263877,156171156X,0
263877,1573221430,0
263877,1574091239,0
263941,075152011X,0
264031,037541178X,0
264031,1551665735,9
264031,1551668300,0
264031,1841952974,0
264082,037326142X,5
264082,082176828X,0
264082,155166173X,0
264106,3453189825,0
264115,1582430624,8
264149,8432206407,8
264152,1563410672,9
264152,1569471266,9
264152,2277219517,0
264191,2070388409,0
264191,2070401405,0
264215,068484477X,7
264311,006019538X,5
264311,1551667436,4
264317,006054242X,0
264317,039548930X,0
264317,061317271X,3
264317,081257107X,0
264317,1563895196,9
264317,158240139X,8
264317,1857976576,0
264321,034539724X,7
264321,067972236X,0
264321,069620682X,0
264321,189609595X,0
264355,1558742913,9
264355,1558745432,9
264416,006463325X,0
264434,8477357862,0
264498,060960077X,8
264543,068484477X,0
264543,081183297X,0
264637,037327291X,0
264637,038081918X,0
264657,006091307X,0
264934,8484030458,0
264947,068484477X,9
264996,1569244669,8
264996,1573220124,0
265083,037570521X,0
265083,1573222135,0
265087,086571231X,9
265115,038040592X,0
265115,038081563X,0
265115,042514898X,0
265115,051513287X,0
265115,055357230X,0
265115,068484477X,0
265115,089174021X,0
265115,1551665700,0
265115,1551668300,0
265115,1556619766,0
265115,1557738467,0
265115,1561799653,0
265115,1577480112,0
265146,1563899426,10
265205,042518188X,8
265221,188717866X,6
265284,042514898X,10
265313,042511872X,0
265313,042515601X,0
265313,067946302X,0
265313,189205101X,7
265403,034528710X,7
265403,067988470X,0
265403,156924880X,0
265474,1853262102,0
265498,1572434678,8
265498,1573229326,4
265553,031226772X,6
265591,8401479541,0
265591,843760057X,5
265591,8489163480,10
265591,950072040X,0
265595,000634156X,0
265595,1853260363,7
265595,1853260495,8
265626,1556431635,8
265656,1551666952,10
265676,037550074X,0
265685,006091307X,0
265692,037321801X,0
265751,068484477X,10
265834,1591020751,0
265889,038081918X,0
265889,042514898X,8
265889,050552533X,0
265889,051513287X,0
265889,055358264X,8
265889,055358457X,0
265889,067102177X,0
265889,1551665131,0
265889,1551667436,7
265889,1551668300,0
265925,1557834601,8
265972,055358264X,0
266056,055358264X,7
266056,1551665840,0
266094,1853260495,0
266109,1551667436,0
266164,1562010352,0
266226,006104363X,0
266226,014250047X,0
266226,042519678X,0
266226,044669231X,0
266226,051513287X,0
266226,055325846X,8
266226,078601489X,0
266226,081252750X,0
266226,090571234X,0
266226,1402201400,6
266226,1402706014,0
266226,1587154781,0
266226,1931686335,10
266331,1570611432,7
266331,1843330520,0
266331,1878067184,8
266371,1865081175,0
266476,1561794708,0
266486,1578210615,10
266512,1573926809,7
266522,084310211X,4
266719,2070368998,0
266750,042515601X,9
266753,074140916X,6
266753,1552633020,7
266762,1853260991,0
266796,059042727X,6
266819,068484477X,0
266842,1852427159,5
266865,055321392X,8
266865,055357535X,0
266865,1560255390,0
266865,1573440299,0
266865,1841952974,0
266866,067151914X,0
266992,8420441724,6
267033,044023767X,8
267033,679721886,9
267061,042515601X,0
267061,1561560413,0
267249,044685641X,0
267249,1577940407,0
267326,075640049X,8
267372,8401328985,9
267372,8401474744,10
267462,1573245232,8
267474,068484477X,8
267483,038503458X,10
267510,067102177X,0
267510,1576463168,7
267538,037323015X,0
267635,038070384X,8
267635,042511872X,9
267635,055357230X,0
267680,042515601X,6
267703,006052510X,0
267752,1573229326,0
267778,034539092X,10
267802,1573926809,0
267904,055357230X,0
267946,006019538X,7
268013,1586481398,6
268022,1550548018,0
268022,1564145530,10
268022,156512071X,0
268025,1583940723,6
268030,006052510X,0
268030,068484477X,0
268030,1573229326,0
268030,1587611198,9
268030,1853260436,0
268032,034527444X,0
268032,038039586X,0
268032,1575660180,8
268110,014012893X,0
268110,031228327X,0
268110,031230434X,0
268110,039304632X,9
268110,067003035X,0
268110,067973886X,0
268110,068480154X,6
268110,1556618662,0
268110,193156101X,0
268171,055326981X,7
268191,034545104X,0
268232,034536676X,8
268262,1840221305,0
268262,1858600235,0
268300,1567403913,10
268330,051513287X,0
268330,052594639X,0
268330,078601489X,0
268330,1551666952,0
268330,1551667177,0
268330,1558532331,0
268330,1562470752,0
268330,1852427159,0
268330,679721886,0
268411,039914627X,5
268434,067521162X,7
268482,067181866X,0
268556,1573229326,0
268589,1561630853,0
268622,068484477X,0
268639,037324553X,0
268665,1551666863,10
268665,1551668432,10
268665,373218419,10
268711,3257061269,0
268711,3442150841,8
268751,052594639X,9
268751,055309999X,8
268833,074342803X,6
268833,1585671827,0
268903,037550396X,0
268932,006440787X,0
268932,038073012X,0
268932,059093483X,5
268932,1564761584,0
268932,1568582498,0
268939,1585421286,9
268945,225313922X,7
269011,034536676X,7
269287,1551665700,8
269303,1853260991,8
269309,068484477X,9
269314,042514898X,7
269321,037327291X,8
269321,038081918X,9
269321,082177512X,9
269321,1551666863,8
269340,1577311523,0
269439,006251539X,0
269439,068484477X,0
269439,1575662272,0
269557,1400303214,8
269557,1893699226,10
269557,1893699560,10
269566,014050446X,7
269566,034536130X,0
269566,039913946X,0
269566,042515601X,0
269566,055323482X,0
269566,055357230X,0
269566,068484477X,0
269566,080694756X,8
269566,083177388X,5
269566,088899124X,0
269566,1400300398,0
269566,1557232520,0
269566,1557730202,0
269566,1568991290,0
269566,159182267X,0
269688,006052510X,0
269692,068484477X,8
269719,044661033X,6
269719,068484477X,0
269719,156076628X,0
269719,1575665646,0
269719,1932270124,0
269728,044035157X,0
269728,044190923X,0
269728,1857980581,7
269728,586040021,8
269787,1869413318,9
269795,1862543135,9
269799,087923573X,8
269835,1400033543,0
269835,1573229326,0
269841,078948918X,10
269841,1881493024,0
269890,006108445X,0
269921,3257061269,6
269923,075282130X,0
269988,006108560X,0
270069,034536676X,6
270084,1551665425,0
270089,034531719X,0
270121,1573221643,10
270122,034082428X,8
270156,038039586X,10
270256,034538119X,0
270264,006019409X,0
270329,051513287X,0
270330,1573245038,0
270352,1567920845,7
270352,1576738825,6
270401,1558706461,0
270401,1576737098,6
270495,1853260436,7
270551,1573229334,7
270554,068484477X,0
270554,1573227889,0
270554,1573229326,0
270554,1931543380,9
270605,157036365X,6
270710,1578565480,0
270713,034536676X,10
270713,067102499X,0
270713,067945215X,0
270713,074341182X,0
270713,1569472955,6
270713,1570671389,7
270713,1573229326,0
270713,185326007X,0
270713,189205101X,8
270713,1896239684,0
270715,1576732762,7
270748,006091307X,8
270820,1575663236,5
270838,088899365X,10
270838,1575668394,6
270897,1888608978,6
271000,1573229326,7
271144,068484477X,8
271195,050552533X,8
271195,067151914X,7
271245,1551669420,0
271284,039475803X,0
271284,042515601X,0
271284,042517431X,0
271284,059093483X,0
271284,067151914X,0
271284,1557730202,0
271284,1557732647,0
271284,1889927015,0
271354,1578514878,8
271364,031226772X,0
271375,1558218823,10
271448,034543630X,0
271448,034545104X,0
271448,059523223X,0
271448,068484477X,7
271448,1400033543,9
271460,055357230X,5
271491,055326981X,0
271503,068484477X,9
271558,055329170X,7
271588,042515601X,9
271593,037550074X,0
271674,1573229326,0
271681,2070330478,10
271705,067972575X,0
271705,1853260436,9
271707,2290048763,0
271711,1573229326,9
271711,1903650267,8
271717,1567510922,3
271728,082801082X,6
271808,055213922X,0
271824,8420634093,5
271837,8401492726,6
271859,044023767X,8
271935,8804501111,0
272052,000599134X,10
272099,8804320559,0
272155,8481300683,0
272157,844507119X,8
272225,074342803X,0
276399,8420634093,8
276457,3257217315,6
276463,014025644X,0
276463,1841952974,8
276487,8420603708,0
276498,1551664364,0
276545,1585671827,0
276664,185326010X,0
276670,037311396X,0
276680,1402201435,4
276680,1573222038,10
276681,1931333246,10
276688,068810553X,0
276688,1580600506,0